timestamp,key_dwell,mouse_x,mouse_y,scroll_dx,scroll_dy,idle_seconds,event_type
2026-02-25 00:55:15.946330,0,1146,335,0,0,0.41176533699035645,move
2026-02-25 00:55:15.953331,0,1201,325,0,0,0.007000446319580078,move
2026-02-25 00:55:15.959839,0,1258,317,0,0,0.006508827209472656,move
2026-02-25 00:55:15.966839,0,1316,310,0,0,0.00699925422668457,move
2026-02-25 00:55:15.973349,0,1375,297,0,0,0.006510257720947266,move
2026-02-25 00:55:15.980350,0,1433,289,0,0,0.007001399993896484,move
2026-02-25 00:55:15.986391,0,1486,285,0,0,0.006041049957275391,move
2026-02-25 00:55:15.993940,0,1541,275,0,0,0.007548332214355469,move
2026-02-25 00:55:16.000647,0,1595,267,0,0,0.006707668304443359,move
2026-02-25 00:55:16.008051,0,1635,261,0,0,0.007403850555419922,move
2026-02-25 00:55:16.014340,0,1677,256,0,0,0.006289005279541016,move
2026-02-25 00:55:16.021471,0,1714,248,0,0,0.00713038444519043,move
2026-02-25 00:55:16.027902,0,1749,243,0,0,0.006431102752685547,move
2026-02-25 00:55:16.034902,0,1785,237,0,0,0.0070002079010009766,move
2026-02-25 00:55:16.041386,0,1814,231,0,0,0.0064847469329833984,move
2026-02-25 00:55:16.048387,0,1840,226,0,0,0.0070002079010009766,move
2026-02-25 00:55:16.055393,0,1866,218,0,0,0.007005929946899414,move
2026-02-25 00:55:16.062621,0,1893,211,0,0,0.007227897644042969,move
2026-02-25 00:55:16.068626,0,1909,206,0,0,0.006004810333251953,move
2026-02-25 00:55:16.076135,0,1926,200,0,0,0.007508993148803711,move
2026-02-25 00:55:16.083230,0,1933,196,0,0,0.007095813751220703,move
2026-02-25 00:55:16.090231,0,1930,191,0,0,0.007000446319580078,move
2026-02-25 00:55:16.096230,0,1929,187,0,0,0.005999565124511719,move
2026-02-25 00:55:16.103658,0,1929,180,0,0,0.007427215576171875,move
2026-02-25 00:55:16.110439,0,1931,175,0,0,0.006781578063964844,move
2026-02-25 00:55:16.117439,0,1927,170,0,0,0.0069997310638427734,move
2026-02-25 00:55:16.124323,0,1925,166,0,0,0.006884574890136719,move
2026-02-25 00:55:16.131085,0,1926,164,0,0,0.006762027740478516,move
2026-02-25 00:55:16.137819,0,1925,160,0,0,0.006733417510986328,move
2026-02-25 00:55:16.144819,0,1924,157,0,0,0.007000446319580078,move
2026-02-25 00:55:16.151822,0,1922,154,0,0,0.007002592086791992,move
2026-02-25 00:55:16.158491,0,1923,152,0,0,0.006669521331787109,move
2026-02-25 00:55:16.164937,0,1924,150,0,0,0.006445884704589844,move
2026-02-25 00:55:16.172170,0,1922,148,0,0,0.007232666015625,move
2026-02-25 00:55:16.179054,0,1921,146,0,0,0.006884098052978516,move
2026-02-25 00:55:16.185249,0,1921,145,0,0,0.006194591522216797,move
2026-02-25 00:55:16.192596,0,1919,144,0,0,0.00734710693359375,move
2026-02-25 00:55:16.198984,0,1921,143,0,0,0.006388425827026367,move
2026-02-25 00:55:16.206518,0,1920,143,0,0,0.00753331184387207,move
2026-02-25 00:55:16.219515,0,1920,143,0,0,0.012997865676879883,move
2026-02-25 00:55:16.260444,0,1919,143,0,0,0.04092884063720703,move
2026-02-25 00:55:16.267884,0,1917,143,0,0,0.007440090179443359,move
2026-02-25 00:55:16.274863,0,1913,143,0,0,0.006979227066040039,move
2026-02-25 00:55:16.281807,0,1909,143,0,0,0.006943702697753906,move
2026-02-25 00:55:16.287807,0,1902,142,0,0,0.005999565124511719,move
2026-02-25 00:55:16.295593,0,1896,141,0,0,0.0077860355377197266,move
2026-02-25 00:55:16.301571,0,1890,140,0,0,0.0059778690338134766,move
2026-02-25 00:55:16.309353,0,1884,138,0,0,0.007781982421875,move
2026-02-25 00:55:16.315358,0,1876,136,0,0,0.006005048751831055,move
2026-02-25 00:55:16.322358,0,1870,133,0,0,0.006999969482421875,move
2026-02-25 00:55:16.329727,0,1865,131,0,0,0.0073697566986083984,move
2026-02-25 00:55:16.336411,0,1859,128,0,0,0.006684064865112305,move
2026-02-25 00:55:16.342508,0,1853,126,0,0,0.006096601486206055,move
2026-02-25 00:55:16.349506,0,1848,124,0,0,0.006997823715209961,move
2026-02-25 00:55:16.356513,0,1842,120,0,0,0.0070073604583740234,move
2026-02-25 00:55:16.363512,0,1837,118,0,0,0.006998777389526367,move
2026-02-25 00:55:16.370513,0,1833,114,0,0,0.007000923156738281,move
2026-02-25 00:55:16.377693,0,1828,112,0,0,0.007179737091064453,move
2026-02-25 00:55:16.384694,0,1825,109,0,0,0.007000923156738281,move
2026-02-25 00:55:16.390695,0,1822,108,0,0,0.006000995635986328,move
2026-02-25 00:55:16.397693,0,1819,108,0,0,0.0069980621337890625,move
2026-02-25 00:55:16.404697,0,1817,108,0,0,0.0070040225982666016,move
2026-02-25 00:55:16.412095,0,1814,108,0,0,0.007398128509521484,move
2026-02-25 00:55:16.418577,0,1814,108,0,0,0.006481647491455078,move
2026-02-25 00:55:16.425581,0,1813,107,0,0,0.007004976272583008,move
2026-02-25 00:55:16.432591,0,1811,107,0,0,0.007009983062744141,move
2026-02-25 00:55:16.439582,0,1810,107,0,0,0.006990194320678711,move
2026-02-25 00:55:16.445754,0,1810,107,0,0,0.0061724185943603516,move
2026-02-25 00:55:16.452601,0,1809,107,0,0,0.006847381591796875,move
2026-02-25 00:55:16.569437,0,1808,107,0,0,0.11683511734008789,move
2026-02-25 00:55:16.617143,0,1808,107,0,0,0.04770612716674805,move
2026-02-25 00:55:16.644655,0,1808,108,0,0,0.027512550354003906,move
2026-02-25 00:55:16.671928,0,1808,110,0,0,0.027273178100585938,move
2026-02-25 00:55:16.678018,0,1807,110,0,0,0.006089925765991211,move
2026-02-25 00:55:16.726816,0,1807,111,0,0,0.0487973690032959,move
2026-02-25 00:55:16.754029,0,1807,112,0,0,0.027213335037231445,move
2026-02-25 00:55:16.767451,0,1807,113,0,0,0.01342153549194336,move
2026-02-25 00:55:16.780917,0,1807,114,0,0,0.01346588134765625,move
2026-02-25 00:55:16.787916,0,1806,114,0,0,0.006999969482421875,move
2026-02-25 00:55:16.794886,0,1806,115,0,0,0.0069692134857177734,move
2026-02-25 00:55:16.821994,0,1806,115,0,0,0.027107954025268555,move
2026-02-25 00:55:16.836759,0,1806,116,0,0,0.014765739440917969,move
2026-02-25 00:55:16.849882,0,1806,117,0,0,0.013122797012329102,move
2026-02-25 00:55:16.862950,0,1805,118,0,0,0.013068199157714844,move
2026-02-25 00:55:16.883814,0,1805,118,0,0,0.020864009857177734,move
2026-02-25 00:55:16.910882,0,1805,119,0,0,0.02706766128540039,move
2026-02-25 00:55:16.924894,0,1805,119,0,0,0.014011383056640625,move
2026-02-25 00:55:16.931616,0,1805,119,0,0,0.006722450256347656,move
2026-02-25 00:55:17.192589,0,1805,119,0,0,0.2609732151031494,click
2026-02-25 00:55:17.699645,0,1778,126,0,0,0.5070562362670898,move
2026-02-25 00:55:17.706424,0,1723,139,0,0,0.0067789554595947266,move
2026-02-25 00:55:17.713115,0,1672,148,0,0,0.0066912174224853516,move
2026-02-25 00:55:17.720120,0,1628,155,0,0,0.007004737854003906,move
2026-02-25 00:55:17.726633,0,1580,170,0,0,0.00651240348815918,move
2026-02-25 00:55:17.733774,0,1543,178,0,0,0.00714111328125,move
2026-02-25 00:55:17.740778,0,1503,187,0,0,0.007004737854003906,move
2026-02-25 00:55:17.746779,0,1473,195,0,0,0.006000041961669922,move
2026-02-25 00:55:17.754231,0,1445,199,0,0,0.007452726364135742,move
2026-02-25 00:55:17.761239,0,1423,204,0,0,0.007008075714111328,move
2026-02-25 00:55:17.767240,0,1404,206,0,0,0.006000995635986328,move
2026-02-25 00:55:17.774713,0,1388,207,0,0,0.00747227668762207,move
2026-02-25 00:55:17.781604,0,1377,209,0,0,0.006891727447509766,move
2026-02-25 00:55:17.788307,0,1369,209,0,0,0.0067026615142822266,move
2026-02-25 00:55:17.795306,0,1362,209,0,0,0.006999015808105469,move
2026-02-25 00:55:17.801518,0,1360,209,0,0,0.006211519241333008,move
2026-02-25 00:55:17.809269,0,1358,209,0,0,0.007751941680908203,move
2026-02-25 00:55:17.815666,0,1357,209,0,0,0.006396293640136719,move
2026-02-25 00:55:17.836547,0,1356,208,0,0,0.020881175994873047,move
2026-02-25 00:55:17.843547,0,1356,207,0,0,0.007000446319580078,move
2026-02-25 00:55:17.850024,0,1356,204,0,0,0.006476402282714844,move
2026-02-25 00:55:17.857028,0,1355,203,0,0,0.007004737854003906,move
2026-02-25 00:55:17.863029,0,1355,202,0,0,0.006000041961669922,move
2026-02-25 00:55:17.870535,0,1354,200,0,0,0.007506370544433594,move
2026-02-25 00:55:17.877445,0,1354,199,0,0,0.006910085678100586,move
2026-02-25 00:55:17.883953,0,1353,199,0,0,0.006508350372314453,move
2026-02-25 00:55:17.891036,0,1350,198,0,0,0.007082700729370117,move
2026-02-25 00:55:17.897216,0,1348,196,0,0,0.0061798095703125,move
2026-02-25 00:55:17.904216,0,1346,195,0,0,0.006999969482421875,move
2026-02-25 00:55:17.911555,0,1342,194,0,0,0.007338762283325195,move
2026-02-25 00:55:17.918560,0,1340,194,0,0,0.007004976272583008,move
2026-02-25 00:55:17.924560,0,1339,193,0,0,0.006000041961669922,move
2026-02-25 00:55:18.144839,0,1339,193,0,0,0.22027993202209473,click
2026-02-25 00:55:18.945213,0.04749274253845215,1339,193,0,0,0.8003735542297363,key
2026-02-25 00:55:19.235850,0.05503344535827637,1339,193,0,0,0.2906374931335449,key
2026-02-25 00:55:20.259350,0.04341745376586914,1339,193,0,0,1.0234992504119873,key
2026-02-25 00:55:27.798171,0,1346,190,0,0,7.538821458816528,move
2026-02-25 00:55:27.805181,0,1356,190,0,0,0.007009267807006836,move
2026-02-25 00:55:27.811287,0,1367,189,0,0,0.006106376647949219,move
2026-02-25 00:55:27.818797,0,1370,189,0,0,0.007509946823120117,move
2026-02-25 00:55:27.826004,0,1374,189,0,0,0.007207155227661133,move
2026-02-25 00:55:27.832678,0,1381,189,0,0,0.006673574447631836,move
2026-02-25 00:55:27.838684,0,1392,189,0,0,0.006006479263305664,move
2026-02-25 00:55:27.845684,0,1405,187,0,0,0.0070002079010009766,move
2026-02-25 00:55:27.852946,0,1420,186,0,0,0.007261991500854492,move
2026-02-25 00:55:27.859726,0,1434,184,0,0,0.006779909133911133,move
2026-02-25 00:55:27.866112,0,1449,183,0,0,0.006386280059814453,move
2026-02-25 00:55:27.873654,0,1460,183,0,0,0.007541656494140625,move
2026-02-25 00:55:27.880154,0,1471,182,0,0,0.006499528884887695,move
2026-02-25 00:55:27.887186,0,1484,180,0,0,0.007032155990600586,move
2026-02-25 00:55:27.894069,0,1496,179,0,0,0.006882905960083008,move
2026-02-25 00:55:27.901040,0,1507,176,0,0,0.006971120834350586,move
2026-02-25 00:55:27.907440,0,1515,175,0,0,0.006400585174560547,move
2026-02-25 00:55:27.914529,0,1522,173,0,0,0.007088661193847656,move
2026-02-25 00:55:27.921445,0,1530,171,0,0,0.006916046142578125,move
2026-02-25 00:55:27.927665,0,1536,170,0,0,0.0062198638916015625,move
2026-02-25 00:55:27.934665,0,1539,168,0,0,0.006999969482421875,move
2026-02-25 00:55:27.942037,0,1541,167,0,0,0.007371664047241211,move
2026-02-25 00:55:27.948843,0,1544,167,0,0,0.006806373596191406,move
2026-02-25 00:55:27.955859,0,1546,165,0,0,0.007015705108642578,move
2026-02-25 00:55:27.961849,0,1548,165,0,0,0.005990505218505859,move
2026-02-25 00:55:27.969305,0,1551,164,0,0,0.0074558258056640625,move
2026-02-25 00:55:27.976310,0,1553,163,0,0,0.007004737854003906,move
2026-02-25 00:55:27.982469,0,1555,162,0,0,0.006159543991088867,move
2026-02-25 00:55:27.989678,0,1557,161,0,0,0.007208585739135742,move
2026-02-25 00:55:27.996814,0,1559,159,0,0,0.007136106491088867,move
2026-02-25 00:55:28.003820,0,1562,158,0,0,0.007006406784057617,move
2026-02-25 00:55:28.009825,0,1565,156,0,0,0.006004810333251953,move
2026-02-25 00:55:28.017430,0,1568,154,0,0,0.007604837417602539,move
2026-02-25 00:55:28.023939,0,1574,150,0,0,0.006509304046630859,move
2026-02-25 00:55:28.031191,0,1580,148,0,0,0.007251262664794922,move
2026-02-25 00:55:28.037869,0,1586,142,0,0,0.006677865982055664,move
2026-02-25 00:55:28.044311,0,1593,140,0,0,0.0064427852630615234,move
2026-02-25 00:55:28.051699,0,1601,137,0,0,0.007387876510620117,move
2026-02-25 00:55:28.058324,0,1608,136,0,0,0.006625175476074219,move
2026-02-25 00:55:28.065329,0,1616,135,0,0,0.007005214691162109,move
2026-02-25 00:55:28.071329,0,1625,135,0,0,0.005999088287353516,move
2026-02-25 00:55:28.078863,0,1633,135,0,0,0.00753474235534668,move
2026-02-25 00:55:28.085888,0,1642,135,0,0,0.007025003433227539,move
2026-02-25 00:55:28.091888,0,1653,136,0,0,0.005999565124511719,move
2026-02-25 00:55:28.099471,0,1665,141,0,0,0.007582902908325195,move
2026-02-25 00:55:28.106329,0,1678,145,0,0,0.006857872009277344,move
2026-02-25 00:55:28.113354,0,1690,149,0,0,0.007025480270385742,move
2026-02-25 00:55:28.119842,0,1698,154,0,0,0.006487607955932617,move
2026-02-25 00:55:28.126845,0,1708,156,0,0,0.007003307342529297,move
2026-02-25 00:55:28.132845,0,1716,159,0,0,0.006000041961669922,move
2026-02-25 00:55:28.139845,0,1720,161,0,0,0.0070002079010009766,move
2026-02-25 00:55:28.147324,0,1725,163,0,0,0.007478237152099609,move
2026-02-25 00:55:28.153673,0,1729,165,0,0,0.006348848342895508,move
2026-02-25 00:55:28.160672,0,1732,166,0,0,0.0069997310638427734,move
2026-02-25 00:55:28.167910,0,1734,167,0,0,0.007238149642944336,move
2026-02-25 00:55:28.174847,0,1735,167,0,0,0.006937265396118164,move
2026-02-25 00:55:28.180845,0,1735,167,0,0,0.005997657775878906,move
2026-02-25 00:55:28.188553,0,1736,167,0,0,0.007708072662353516,move
2026-02-25 00:55:28.195560,0,1737,167,0,0,0.007006168365478516,move
2026-02-25 00:55:28.298512,0,1738,167,0,0,0.10295248031616211,move
2026-02-25 00:55:28.319700,0,1738,167,0,0,0.021187782287597656,move
2026-02-25 00:55:28.325773,0,1738,167,0,0,0.006073474884033203,move
2026-02-25 00:55:28.331773,0,1739,167,0,0,0.00599980354309082,move
2026-02-25 00:55:28.339304,0,1740,166,0,0,0.007531166076660156,move
2026-02-25 00:55:28.346383,0,1741,165,0,0,0.007078886032104492,move
2026-02-25 00:55:28.352474,0,1742,164,0,0,0.006090641021728516,move
2026-02-25 00:55:28.359713,0,1743,164,0,0,0.007239103317260742,move
2026-02-25 00:55:28.366701,0,1746,163,0,0,0.006988048553466797,move
2026-02-25 00:55:28.373570,0,1747,162,0,0,0.00686955451965332,move
2026-02-25 00:55:28.380576,0,1748,161,0,0,0.007005929946899414,move
2026-02-25 00:55:28.386576,0,1748,160,0,0,0.00599980354309082,move
2026-02-25 00:55:28.394015,0,1749,159,0,0,0.0074388980865478516,move
2026-02-25 00:55:28.401038,0,1751,159,0,0,0.0070230960845947266,move
2026-02-25 00:55:28.407042,0,1752,159,0,0,0.006003618240356445,move
2026-02-25 00:55:28.414444,0,1752,158,0,0,0.0074024200439453125,move
2026-02-25 00:55:28.421489,0,1753,157,0,0,0.00704503059387207,move
2026-02-25 00:55:28.428247,0,1754,157,0,0,0.006757497787475586,move
2026-02-25 00:55:28.434904,0,1755,156,0,0,0.006657123565673828,move
2026-02-25 00:55:28.441962,0,1755,156,0,0,0.007058143615722656,move
2026-02-25 00:55:28.448115,0,1756,156,0,0,0.006152629852294922,move
2026-02-25 00:55:28.456116,0,1757,154,0,0,0.00800180435180664,move
2026-02-25 00:55:28.462457,0,1758,154,0,0,0.0063402652740478516,move
2026-02-25 00:55:28.468811,0,1759,154,0,0,0.006354570388793945,move
2026-02-25 00:55:28.475810,0,1760,152,0,0,0.006998538970947266,move
2026-02-25 00:55:28.483046,0,1760,151,0,0,0.00723576545715332,move
2026-02-25 00:55:28.496826,0,1762,150,0,0,0.01378011703491211,move
2026-02-25 00:55:28.502830,0,1763,150,0,0,0.006003856658935547,move
2026-02-25 00:55:28.510028,0,1764,150,0,0,0.007198810577392578,move
2026-02-25 00:55:28.517955,0,1764,150,0,0,0.007926225662231445,move
2026-02-25 00:55:28.524592,0,1764,150,0,0,0.006637096405029297,move
2026-02-25 00:55:28.531663,0,1764,149,0,0,0.007071018218994141,move
2026-02-25 00:55:28.545187,0,1765,149,0,0,0.013524770736694336,move
2026-02-25 00:55:28.558797,0,1765,148,0,0,0.01360940933227539,move
2026-02-25 00:55:28.572616,0,1766,148,0,0,0.013818979263305664,move
2026-02-25 00:55:28.613704,0,1767,148,0,0,0.04108858108520508,move
2026-02-25 00:55:28.750719,0,1767,148,0,0,0.13701510429382324,move
2026-02-25 00:55:28.756719,0,1766,148,0,0,0.00599980354309082,move
2026-02-25 00:55:28.764507,0,1765,148,0,0,0.007788181304931641,move
2026-02-25 00:55:28.771076,0,1764,148,0,0,0.006568193435668945,move
2026-02-25 00:55:28.778080,0,1761,149,0,0,0.0070040225982666016,move
2026-02-25 00:55:28.784081,0,1758,149,0,0,0.006001472473144531,move
2026-02-25 00:55:28.791491,0,1755,150,0,0,0.0074100494384765625,move
2026-02-25 00:55:28.798315,0,1752,151,0,0,0.006823301315307617,move
2026-02-25 00:55:28.805340,0,1748,151,0,0,0.007025957107543945,move
2026-02-25 00:55:28.813346,0,1745,152,0,0,0.008005857467651367,move
2026-02-25 00:55:28.820346,0,1737,154,0,0,0.0069997310638427734,move
2026-02-25 00:55:28.826792,0,1730,154,0,0,0.006446361541748047,move
2026-02-25 00:55:28.833161,0,1722,157,0,0,0.006368398666381836,move
2026-02-25 00:55:28.840166,0,1714,158,0,0,0.007004976272583008,move
2026-02-25 00:55:28.847166,0,1707,160,0,0,0.006999969482421875,move
2026-02-25 00:55:28.854145,0,1699,162,0,0,0.0069789886474609375,move
2026-02-25 00:55:28.861149,0,1691,164,0,0,0.007004737854003906,move
2026-02-25 00:55:28.867150,0,1681,165,0,0,0.006000041961669922,move
2026-02-25 00:55:28.874713,0,1675,166,0,0,0.007563352584838867,move
2026-02-25 00:55:28.881718,0,1669,167,0,0,0.007004499435424805,move
2026-02-25 00:55:28.887718,0,1664,168,0,0,0.006000518798828125,move
2026-02-25 00:55:28.895379,0,1659,170,0,0,0.007661342620849609,move
2026-02-25 00:55:28.902083,0,1656,171,0,0,0.006703853607177734,move
2026-02-25 00:55:28.909092,0,1654,171,0,0,0.007009029388427734,move
2026-02-25 00:55:28.915091,0,1653,171,0,0,0.005998849868774414,move
2026-02-25 00:55:28.922852,0,1651,171,0,0,0.007760524749755859,move
2026-02-25 00:55:28.929141,0,1650,172,0,0,0.006289243698120117,move
2026-02-25 00:55:28.943145,0,1649,172,0,0,0.014004707336425781,move
2026-02-25 00:55:29.060408,0,1649,172,0,0,0.11726212501525879,move
2026-02-25 00:55:29.203124,0,1649,172,0,0,0.1427161693572998,move
2026-02-25 00:55:29.210376,0,1649,172,0,0,0.007251739501953125,move
2026-02-25 00:55:29.217123,0,1644,172,0,0,0.006747007369995117,move
2026-02-25 00:55:29.223567,0,1638,172,0,0,0.006444692611694336,move
2026-02-25 00:55:29.230891,0,1627,172,0,0,0.007323265075683594,move
2026-02-25 00:55:29.237896,0,1612,172,0,0,0.007005453109741211,move
2026-02-25 00:55:29.243896,0,1599,171,0,0,0.005999565124511719,move
2026-02-25 00:55:29.251381,0,1584,171,0,0,0.007486104965209961,move
2026-02-25 00:55:29.257579,0,1572,169,0,0,0.006197214126586914,move
2026-02-25 00:55:29.264578,0,1559,169,0,0,0.006999492645263672,move
2026-02-25 00:55:29.271965,0,1549,169,0,0,0.007386922836303711,move
2026-02-25 00:55:29.278752,0,1540,169,0,0,0.006786823272705078,move
2026-02-25 00:55:29.285758,0,1531,169,0,0,0.0070056915283203125,move
2026-02-25 00:55:29.291757,0,1525,169,0,0,0.005999088287353516,move
2026-02-25 00:55:29.299284,0,1521,169,0,0,0.007526874542236328,move
2026-02-25 00:55:29.306290,0,1518,169,0,0,0.007006406784057617,move
2026-02-25 00:55:29.312354,0,1516,169,0,0,0.006063938140869141,move
2026-02-25 00:55:29.319718,0,1515,169,0,0,0.007364034652709961,move
2026-02-25 00:55:29.326477,0,1513,169,0,0,0.006759166717529297,move
2026-02-25 00:55:29.333624,0,1512,169,0,0,0.007146596908569336,move
2026-02-25 00:55:29.339623,0,1510,169,0,0,0.005999088287353516,move
2026-02-25 00:55:29.346638,0,1509,169,0,0,0.0070154666900634766,move
2026-02-25 00:55:29.354279,0,1507,170,0,0,0.007640838623046875,move
2026-02-25 00:55:29.360364,0,1506,170,0,0,0.0060842037200927734,move
2026-02-25 00:55:29.367928,0,1504,170,0,0,0.0075643062591552734,move
2026-02-25 00:55:29.374684,0,1504,170,0,0,0.006755828857421875,move
2026-02-25 00:55:29.381723,0,1503,171,0,0,0.007039785385131836,move
2026-02-25 00:55:29.395274,0,1502,171,0,0,0.013550043106079102,move
2026-02-25 00:55:29.409165,0,1501,171,0,0,0.01389169692993164,move
2026-02-25 00:55:30.471688,0,1478,191,0,0,1.0625228881835938,move
2026-02-25 00:55:30.476894,0,1439,222,0,0,0.005205869674682617,move
2026-02-25 00:55:30.483900,0,1400,256,0,0,0.007005929946899414,move
2026-02-25 00:55:30.489900,0,1372,282,0,0,0.00599980354309082,move
2026-02-25 00:55:30.497439,0,1344,308,0,0,0.007539272308349609,move
2026-02-25 00:55:30.504519,0,1316,334,0,0,0.0070798397064208984,move
2026-02-25 00:55:30.510514,0,1296,358,0,0,0.005995750427246094,move
2026-02-25 00:55:30.517900,0,1281,375,0,0,0.007385730743408203,move
2026-02-25 00:55:30.524810,0,1272,387,0,0,0.006910085678100586,move
2026-02-25 00:55:30.531789,0,1267,394,0,0,0.006978750228881836,move
2026-02-25 00:55:30.538308,0,1263,397,0,0,0.00651860237121582,move
2026-02-25 00:55:30.545032,0,1263,399,0,0,0.006724357604980469,move
2026-02-25 00:55:30.551472,0,1263,399,0,0,0.006439924240112305,move
2026-02-25 00:55:30.858535,0.07479357719421387,1263,399,0,0,0.30706334114074707,key
2026-02-25 00:55:30.874790,0.08904361724853516,1263,399,0,0,0.016254901885986328,key
2026-02-25 00:55:31.380141,0.08858060836791992,1263,399,0,0,0.5053505897521973,key
2026-02-25 00:55:31.448175,0.11009645462036133,1263,399,0,0,0.06803393363952637,key
2026-02-25 00:55:31.510852,0.2202925682067871,1263,399,0,0,0.06267762184143066,key
2026-02-25 00:55:31.524860,0.1367204189300537,1263,399,0,0,0.014007329940795898,key
2026-02-25 00:55:31.606964,0.08811068534851074,1263,399,0,0,0.08210396766662598,key
2026-02-25 00:55:31.834418,0.04902362823486328,1263,399,0,0,0.22745490074157715,key
2026-02-25 00:55:32.818227,1.0368750095367432,1263,399,0,0,0.9838087558746338,key
2026-02-25 00:55:33.168219,0,1256,389,0,0,0.349992036819458,move
2026-02-25 00:55:33.174421,0,1249,362,0,0,0.006201505661010742,move
2026-02-25 00:55:33.182083,0,1243,322,0,0,0.007662296295166016,move
2026-02-25 00:55:33.189087,0,1240,266,0,0,0.0070035457611083984,move
2026-02-25 00:55:33.195025,0,1238,202,0,0,0.00593876838684082,move
2026-02-25 00:55:33.202030,0,1239,131,0,0,0.007004737854003906,move
2026-02-25 00:55:33.209031,0,1242,48,0,0,0.00700068473815918,move
2026-02-25 00:55:33.216030,0,1245,-30,0,0,0.006998777389526367,move
2026-02-25 00:55:33.223035,0,1248,-90,0,0,0.007005453109741211,move
2026-02-25 00:55:33.229849,0,1250,-71,0,0,0.006814241409301758,move
2026-02-25 00:55:33.236359,0,1253,-75,0,0,0.006509304046630859,move
2026-02-25 00:55:33.243539,0,1253,-52,0,0,0.007180690765380859,move
2026-02-25 00:55:33.250180,0,1253,-38,0,0,0.006640195846557617,move
2026-02-25 00:55:33.257180,0,1254,-18,0,0,0.007000446319580078,move
2026-02-25 00:55:33.264288,0,1254,-15,0,0,0.007107973098754883,move
2026-02-25 00:55:33.270771,0,1254,-6,0,0,0.006483316421508789,move
2026-02-25 00:55:33.277192,0,1254,-3,0,0,0.006420612335205078,move
2026-02-25 00:55:33.284804,0,1254,0,0,0,0.007611989974975586,move
2026-02-25 00:55:33.325619,0,1253,0,0,0,0.04081463813781738,move
2026-02-25 00:55:33.332249,0,1253,0,0,0,0.006630420684814453,move
2026-02-25 00:55:33.339249,0,1251,2,0,0,0.0070002079010009766,move
2026-02-25 00:55:33.346498,0,1247,5,0,0,0.007248401641845703,move
2026-02-25 00:55:33.352960,0,1242,12,0,0,0.0064623355865478516,move
2026-02-25 00:55:33.359533,0,1238,18,0,0,0.006572723388671875,move
2026-02-25 00:55:33.366904,0,1236,25,0,0,0.007371187210083008,move
2026-02-25 00:55:33.372902,0,1232,34,0,0,0.0059986114501953125,move
2026-02-25 00:55:33.380728,0,1229,46,0,0,0.007825136184692383,move
2026-02-25 00:55:33.387366,0,1227,55,0,0,0.0066378116607666016,move
2026-02-25 00:55:33.393823,0,1226,67,0,0,0.006457090377807617,move
2026-02-25 00:55:33.400814,0,1226,78,0,0,0.006991147994995117,move
2026-02-25 00:55:33.407821,0,1226,85,0,0,0.0070078372955322266,move
2026-02-25 00:55:33.414826,0,1226,93,0,0,0.007004261016845703,move
2026-02-25 00:55:33.421356,0,1226,98,0,0,0.006530046463012695,move
2026-02-25 00:55:33.428372,0,1227,103,0,0,0.007016181945800781,move
2026-02-25 00:55:33.435372,0,1228,105,0,0,0.006999969482421875,move
2026-02-25 00:55:33.442373,0,1229,106,0,0,0.007000923156738281,move
2026-02-25 00:55:33.448796,0,1230,108,0,0,0.006423234939575195,move
2026-02-25 00:55:33.455730,0,1230,109,0,0,0.006934165954589844,move
2026-02-25 00:55:33.462464,0,1231,110,0,0,0.006734132766723633,move
2026-02-25 00:55:33.469471,0,1231,111,0,0,0.00700688362121582,move
2026-02-25 00:55:33.572250,0,1231,111,0,0,0.10277867317199707,move
2026-02-25 00:55:33.578802,0,1234,109,0,0,0.006552219390869141,move
2026-02-25 00:55:33.585876,0,1238,106,0,0,0.007073640823364258,move
2026-02-25 00:55:33.592875,0,1248,100,0,0,0.006999015808105469,move
2026-02-25 00:55:33.598875,0,1256,96,0,0,0.00599980354309082,move
2026-02-25 00:55:33.606310,0,1265,90,0,0,0.007435321807861328,move
2026-02-25 00:55:33.613315,0,1276,86,0,0,0.007005214691162109,move
2026-02-25 00:55:33.619315,0,1287,83,0,0,0.005999565124511719,move
2026-02-25 00:55:33.625929,0,1301,80,0,0,0.0066149234771728516,move
2026-02-25 00:55:33.633173,0,1312,77,0,0,0.0072438716888427734,move
2026-02-25 00:55:33.640174,0,1322,75,0,0,0.0070002079010009766,move
2026-02-25 00:55:33.647278,0,1333,73,0,0,0.007104635238647461,move
2026-02-25 00:55:33.654391,0,1339,73,0,0,0.007112979888916016,move
2026-02-25 00:55:33.660640,0,1343,72,0,0,0.0062482357025146484,move
2026-02-25 00:55:33.667098,0,1346,72,0,0,0.0064580440521240234,move
2026-02-25 00:55:33.674347,0,1348,72,0,0,0.007248878479003906,move
2026-02-25 00:55:33.681792,0,1348,72,0,0,0.007445573806762695,move
2026-02-25 00:55:33.688057,0,1349,72,0,0,0.006265163421630859,move
2026-02-25 00:55:33.708432,0,1349,72,0,0,0.02037501335144043,move
2026-02-25 00:55:33.716121,0,1347,72,0,0,0.007689237594604492,move
2026-02-25 00:55:33.722280,0,1337,72,0,0,0.006158590316772461,move
2026-02-25 00:55:33.729118,0,1324,72,0,0,0.0068378448486328125,move
2026-02-25 00:55:33.736351,0,1306,71,0,0,0.007233381271362305,move
2026-02-25 00:55:33.743430,0,1283,71,0,0,0.007078647613525391,move
2026-02-25 00:55:33.749430,0,1248,67,0,0,0.00599980354309082,move
2026-02-25 00:55:33.756892,0,1219,61,0,0,0.007462263107299805,move
2026-02-25 00:55:33.763704,0,1191,57,0,0,0.006811857223510742,move
2026-02-25 00:55:33.770123,0,1154,48,0,0,0.006418943405151367,move
2026-02-25 00:55:33.777366,0,1121,42,0,0,0.007242918014526367,move
2026-02-25 00:55:33.783946,0,1098,33,0,0,0.0065801143646240234,move
2026-02-25 00:55:33.791065,0,1076,28,0,0,0.007119417190551758,move
2026-02-25 00:55:33.797330,0,1055,20,0,0,0.006264925003051758,move
2026-02-25 00:55:33.804262,0,1040,17,0,0,0.0069315433502197266,move
2026-02-25 00:55:33.811262,0,1029,14,0,0,0.007000446319580078,move
2026-02-25 00:55:33.818261,0,1023,11,0,0,0.006998777389526367,move
2026-02-25 00:55:33.825163,0,1017,9,0,0,0.006901741027832031,move
2026-02-25 00:55:33.831618,0,1015,7,0,0,0.006455659866333008,move
2026-02-25 00:55:33.839212,0,1013,6,0,0,0.007593393325805664,move
2026-02-25 00:55:33.845925,0,1013,5,0,0,0.006712913513183594,move
2026-02-25 00:55:33.852830,0,1013,4,0,0,0.0069048404693603516,move
2026-02-25 00:55:33.865679,0,1013,3,0,0,0.012849092483520508,move
2026-02-25 00:55:33.873288,0,1016,3,0,0,0.007609128952026367,move
2026-02-25 00:55:33.880401,0,1021,0,0,0,0.007113218307495117,move
2026-02-25 00:55:33.886401,0,1036,-1,0,0,0.005999565124511719,move
2026-02-25 00:55:33.893530,0,1053,-3,0,0,0.007129669189453125,move
2026-02-25 00:55:33.900462,0,1079,-4,0,0,0.00693202018737793,move
2026-02-25 00:55:33.907468,0,1103,-1,0,0,0.007005453109741211,move
2026-02-25 00:55:33.914470,0,1130,-2,0,0,0.0070018768310546875,move
2026-02-25 00:55:33.921248,0,1164,-2,0,0,0.0067789554595947266,move
2026-02-25 00:55:33.928266,0,1206,0,0,0,0.007018089294433594,move
2026-02-25 00:55:33.934267,0,1244,1,0,0,0.0060002803802490234,move
2026-02-25 00:55:33.941835,0,1275,3,0,0,0.007567882537841797,move
2026-02-25 00:55:33.947886,0,1309,5,0,0,0.006051540374755859,move
2026-02-25 00:55:33.955183,0,1348,9,0,0,0.007296323776245117,move
2026-02-25 00:55:33.962232,0,1379,11,0,0,0.0070493221282958984,move
2026-02-25 00:55:33.969237,0,1404,15,0,0,0.007004737854003906,move
2026-02-25 00:55:33.976237,0,1429,18,0,0,0.0070002079010009766,move
2026-02-25 00:55:33.982915,0,1451,18,0,0,0.006678581237792969,move
2026-02-25 00:55:33.989757,0,1468,18,0,0,0.006841897964477539,move
2026-02-25 00:55:33.996490,0,1484,18,0,0,0.006732940673828125,move
2026-02-25 00:55:34.002882,0,1497,18,0,0,0.006391763687133789,move
2026-02-25 00:55:34.010497,0,1508,18,0,0,0.007615327835083008,move
2026-02-25 00:55:34.017130,0,1515,18,0,0,0.006633281707763672,move
2026-02-25 00:55:34.023459,0,1523,16,0,0,0.0063288211822509766,move
2026-02-25 00:55:34.030595,0,1529,15,0,0,0.007135152816772461,move
2026-02-25 00:55:34.037509,0,1532,14,0,0,0.0069141387939453125,move
2026-02-25 00:55:34.043841,0,1534,14,0,0,0.0063323974609375,move
2026-02-25 00:55:34.050841,0,1535,14,0,0,0.006999969482421875,move
2026-02-25 00:55:34.133745,0,1535,14,0,0,0.08290386199951172,move
2026-02-25 00:55:34.140541,0,1535,14,0,0,0.006795644760131836,move
2026-02-25 00:55:34.160658,0,1534,14,0,0,0.02011704444885254,move
2026-02-25 00:55:34.174656,0,1534,15,0,0,0.013998746871948242,move
2026-02-25 00:55:34.188394,0,1534,15,0,0,0.013737201690673828,move
2026-02-25 00:55:34.215288,0,1533,15,0,0,0.026894330978393555,move
2026-02-25 00:55:34.277460,0,1533,15,0,0,0.06217193603515625,move
2026-02-25 00:55:34.284030,0,1533,15,0,0,0.006570339202880859,move
2026-02-25 00:55:34.291405,0,1536,15,0,0,0.007375001907348633,move
2026-02-25 00:55:34.297643,0,1539,15,0,0,0.006237983703613281,move
2026-02-25 00:55:34.304047,0,1544,15,0,0,0.006403446197509766,move
2026-02-25 00:55:34.311573,0,1551,17,0,0,0.007526874542236328,move
2026-02-25 00:55:34.318189,0,1555,17,0,0,0.006615400314331055,move
2026-02-25 00:55:34.325190,0,1559,20,0,0,0.00700068473815918,move
2026-02-25 00:55:34.332198,0,1562,21,0,0,0.00700831413269043,move
2026-02-25 00:55:34.338738,0,1564,21,0,0,0.0065402984619140625,move
2026-02-25 00:55:34.345253,0,1566,21,0,0,0.006514787673950195,move
2026-02-25 00:55:34.352253,0,1567,22,0,0,0.0069997310638427734,move
2026-02-25 00:55:34.359331,0,1568,22,0,0,0.0070781707763671875,move
2026-02-25 00:55:34.366137,0,1570,23,0,0,0.006806373596191406,move
2026-02-25 00:55:34.372530,0,1571,23,0,0,0.0063931941986083984,move
2026-02-25 00:55:34.379873,0,1571,24,0,0,0.007342100143432617,move
2026-02-25 00:55:34.386570,0,1572,24,0,0,0.006697893142700195,move
2026-02-25 00:55:34.393555,0,1572,25,0,0,0.0069844722747802734,move
2026-02-25 00:55:34.544170,0,1572,25,0,0,0.15061497688293457,move
2026-02-25 00:55:34.571346,0,1571,25,0,0,0.027176380157470703,move
2026-02-25 00:55:34.599167,0,1569,25,0,0,0.027820825576782227,move
2026-02-25 00:55:34.668485,0,1569,25,0,0,0.06931757926940918,move
2026-02-25 00:55:34.688625,0,1568,25,0,0,0.020140409469604492,move
2026-02-25 00:55:34.694887,0,1568,26,0,0,0.006261587142944336,move
2026-02-25 00:55:34.701209,0,1567,26,0,0,0.006321907043457031,move
2026-02-25 00:55:34.708387,0,1566,26,0,0,0.007178544998168945,move
2026-02-25 00:55:34.715226,0,1565,26,0,0,0.006838798522949219,move
2026-02-25 00:55:34.721876,0,1565,27,0,0,0.006649971008300781,move
2026-02-25 00:55:34.728250,0,1564,28,0,0,0.00637364387512207,move
2026-02-25 00:55:34.741878,0,1563,29,0,0,0.013628721237182617,move
2026-02-25 00:55:34.749389,0,1562,29,0,0,0.0075109004974365234,move
2026-02-25 00:55:34.756389,0,1562,29,0,0,0.006999969482421875,move
2026-02-25 00:55:34.763196,0,1562,30,0,0,0.0068073272705078125,move
2026-02-25 00:55:34.769195,0,1561,31,0,0,0.0059986114501953125,move
2026-02-25 00:55:34.776195,0,1560,32,0,0,0.006999969482421875,move
2026-02-25 00:55:34.783748,0,1559,33,0,0,0.007552623748779297,move
2026-02-25 00:55:34.789747,0,1558,33,0,0,0.005999088287353516,move
2026-02-25 00:55:34.797157,0,1558,34,0,0,0.0074100494384765625,move
2026-02-25 00:55:34.817181,0,1557,34,0,0,0.020023822784423828,move
2026-02-25 00:55:34.831363,0,1556,34,0,0,0.014182806015014648,move
2026-02-25 00:55:34.838341,0,1556,36,0,0,0.0069773197174072266,move
2026-02-25 00:55:34.858748,0,1555,36,0,0,0.02040719985961914,move
2026-02-25 00:55:34.915046,0,1555,35,0,0,0.05629849433898926,move
2026-02-25 00:55:34.920178,0,1555,35,0,0,0.00513148307800293,move
2026-02-25 00:55:34.927178,0,1556,35,0,0,0.0069997310638427734,move
2026-02-25 00:55:34.933780,0,1557,35,0,0,0.006602287292480469,move
2026-02-25 00:55:35.140561,0,1557,35,0,0,0.20678114891052246,click
2026-02-25 00:55:35.834764,0.10079050064086914,1557,35,0,0,0.6942026615142822,key
2026-02-25 00:55:35.981078,0.07848310470581055,1557,35,0,0,0.14631438255310059,key
2026-02-25 00:55:36.149883,0.11330819129943848,1557,35,0,0,0.16880488395690918,key
2026-02-25 00:55:36.232501,0.08562541007995605,1557,35,0,0,0.08261847496032715,key
2026-02-25 00:55:36.394511,0.09436607360839844,1557,35,0,0,0.16200995445251465,key
2026-02-25 00:55:36.544431,0.09028959274291992,1557,35,0,0,0.14991974830627441,key
2026-02-25 00:55:36.732676,0.048532724380493164,1557,35,0,0,0.18824481964111328,key
2026-02-25 00:55:37.463126,0.16633343696594238,1557,35,0,0,0.7304496765136719,key
2026-02-25 00:55:37.684848,0.11986351013183594,1557,35,0,0,0.22172212600708008,key
2026-02-25 00:55:38.229026,0.4875166416168213,1557,35,0,0,0.5441780090332031,key
2026-02-25 00:55:38.545940,0.12350678443908691,1557,35,0,0,0.3169138431549072,key
2026-02-25 00:55:38.783836,0.1215522289276123,1557,35,0,0,0.23789572715759277,key
2026-02-25 00:55:40.370428,0.09378647804260254,1557,35,0,0,1.5865919589996338,key
2026-02-25 00:55:40.376382,0.20424461364746094,1557,35,0,0,0.0059549808502197266,key
2026-02-25 00:55:41.644546,0.11395645141601562,1557,35,0,0,1.2681639194488525,key
2026-02-25 00:55:41.649542,0.1522676944732666,1557,35,0,0,0.004995822906494141,key
2026-02-25 00:55:42.254954,0,1535,40,0,0,0.6054120063781738,move
2026-02-25 00:55:42.262259,0,1494,51,0,0,0.0073049068450927734,move
2026-02-25 00:55:42.269269,0,1453,63,0,0,0.007009983062744141,move
2026-02-25 00:55:42.275267,0,1409,72,0,0,0.005998373031616211,move
2026-02-25 00:55:42.282438,0,1360,87,0,0,0.007171154022216797,move
2026-02-25 00:55:42.289737,0,1316,96,0,0,0.007298946380615234,move
2026-02-25 00:55:42.296744,0,1269,103,0,0,0.007006645202636719,move
2026-02-25 00:55:42.302744,0,1225,112,0,0,0.005999565124511719,move
2026-02-25 00:55:42.309691,0,1186,116,0,0,0.006947040557861328,move
2026-02-25 00:55:42.316349,0,1146,125,0,0,0.006658315658569336,move
2026-02-25 00:55:42.323363,0,1110,132,0,0,0.007013797760009766,move
2026-02-25 00:55:42.330894,0,1089,135,0,0,0.007530689239501953,move
2026-02-25 00:55:42.337030,0,1067,140,0,0,0.006136417388916016,move
2026-02-25 00:55:42.344030,0,1048,145,0,0,0.0069997310638427734,move
2026-02-25 00:55:42.351536,0,1037,149,0,0,0.007505893707275391,move
2026-02-25 00:55:42.357533,0,1027,152,0,0,0.005997657775878906,move
2026-02-25 00:55:42.365536,0,1019,157,0,0,0.00800323486328125,move
2026-02-25 00:55:42.372256,0,1014,161,0,0,0.0067195892333984375,move
2026-02-25 00:55:42.382255,0,1012,162,0,0,0.00999903678894043,move
2026-02-25 00:55:42.385659,0,1010,164,0,0,0.003403902053833008,move
2026-02-25 00:55:42.399246,0,1009,165,0,0,0.01358652114868164,move
2026-02-25 00:55:42.405888,0,1009,166,0,0,0.006642818450927734,move
2026-02-25 00:55:42.413470,0,1007,172,0,0,0.007581233978271484,move
2026-02-25 00:55:42.419469,0,1005,183,0,0,0.00599980354309082,move
2026-02-25 00:55:42.426470,0,1000,195,0,0,0.0070002079010009766,move
2026-02-25 00:55:42.433672,0,996,210,0,0,0.0072023868560791016,move
2026-02-25 00:55:42.440668,0,991,225,0,0,0.0069963932037353516,move
2026-02-25 00:55:42.447668,0,985,242,0,0,0.0070002079010009766,move
2026-02-25 00:55:42.454176,0,981,254,0,0,0.006506919860839844,move
2026-02-25 00:55:42.460682,0,976,269,0,0,0.006506919860839844,move
2026-02-25 00:55:42.468218,0,971,279,0,0,0.007535696029663086,move
2026-02-25 00:55:42.474829,0,965,288,0,0,0.006610393524169922,move
2026-02-25 00:55:42.481387,0,961,297,0,0,0.006558418273925781,move
2026-02-25 00:55:42.488392,0,957,301,0,0,0.007004499435424805,move
2026-02-25 00:55:42.495332,0,956,303,0,0,0.006940126419067383,move
2026-02-25 00:55:42.502337,0,954,305,0,0,0.0070056915283203125,move
2026-02-25 00:55:42.509336,0,953,307,0,0,0.006998538970947266,move
2026-02-25 00:55:42.515977,0,953,308,0,0,0.0066411495208740234,move
2026-02-25 00:55:42.529408,0,952,309,0,0,0.013431072235107422,move
2026-02-25 00:55:42.549521,0,951,309,0,0,0.020113229751586914,move
2026-02-25 00:55:42.604604,0,951,309,0,0,0.05508255958557129,move
2026-02-25 00:55:42.611729,0,951,309,0,0,0.007124662399291992,move
2026-02-25 00:55:42.618135,0,952,309,0,0,0.006406307220458984,move
2026-02-25 00:55:43.546261,0.10822916030883789,952,309,0,0,0.9281258583068848,key
2026-02-25 00:55:43.632189,0.08378434181213379,952,309,0,0,0.08592844009399414,key
2026-02-25 00:55:43.768811,0.1203453540802002,952,309,0,0,0.13662195205688477,key
2026-02-25 00:55:43.876105,0.08006000518798828,952,309,0,0,0.10729408264160156,key
2026-02-25 00:55:43.968019,0.08612418174743652,952,309,0,0,0.09191417694091797,key
2026-02-25 00:55:44.404622,0.1042935848236084,952,309,0,0,0.4366030693054199,key
2026-02-25 00:55:44.478782,0.06676983833312988,952,309,0,0,0.07416009902954102,key
2026-02-25 00:55:44.706580,0.08405470848083496,952,309,0,0,0.227797269821167,key
2026-02-25 00:55:44.882501,0.18237543106079102,952,309,0,0,0.17592167854309082,key
2026-02-25 00:55:44.924512,0.14050054550170898,952,309,0,0,0.04201078414916992,key
2026-02-25 00:55:44.966089,0.08874750137329102,952,309,0,0,0.04157733917236328,key
2026-02-25 00:55:45.186010,0.11963844299316406,952,309,0,0,0.21992015838623047,key
2026-02-25 00:55:45.254449,0.08244895935058594,952,309,0,0,0.06843924522399902,key
2026-02-25 00:55:45.417798,0.07552313804626465,952,309,0,0,0.16334915161132812,key
2026-02-25 00:55:45.669727,0.12707185745239258,952,309,0,0,0.25192856788635254,key
2026-02-25 00:55:45.739990,0.09397435188293457,952,309,0,0,0.07026314735412598,key
2026-02-25 00:55:45.882114,0.10412359237670898,952,309,0,0,0.14212417602539062,key
2026-02-25 00:55:46.092162,0.11102509498596191,952,309,0,0,0.21004772186279297,key
2026-02-25 00:55:46.208278,0.11408376693725586,952,309,0,0,0.11611580848693848,key
2026-02-25 00:55:46.263982,0.11171245574951172,952,309,0,0,0.05570411682128906,key
2026-02-25 00:55:46.515626,0.0933690071105957,952,309,0,0,0.2516448497772217,key
2026-02-25 00:55:46.607913,0.12430620193481445,952,309,0,0,0.09228682518005371,key
2026-02-25 00:55:46.732381,0.12218451499938965,952,309,0,0,0.12446737289428711,key
2026-02-25 00:55:46.875952,0.09948110580444336,952,309,0,0,0.1435716152191162,key
2026-02-25 00:55:47.270060,0.09367609024047852,952,309,0,0,0.3941073417663574,key
2026-02-25 00:55:47.465547,0.11558294296264648,952,309,0,0,0.19548749923706055,key
2026-02-25 00:55:47.567772,0.12865352630615234,952,309,0,0,0.10222482681274414,key
2026-02-25 00:55:47.725809,0.2032773494720459,952,309,0,0,0.1580369472503662,key
2026-02-25 00:55:47.735939,0.053568124771118164,952,309,0,0,0.010129928588867188,key
2026-02-25 00:55:47.818470,0.08037352561950684,952,309,0,0,0.08253145217895508,key
2026-02-25 00:55:48.078607,0.16436195373535156,952,309,0,0,0.26013636589050293,key
2026-02-25 00:55:48.123836,0.11425542831420898,952,309,0,0,0.045229196548461914,key
2026-02-25 00:55:48.253703,0.0785226821899414,952,309,0,0,0.1298668384552002,key
2026-02-25 00:55:48.604534,0.12458920478820801,952,309,0,0,0.3508317470550537,key
2026-02-25 00:55:48.732810,0.09059286117553711,952,309,0,0,0.12827539443969727,key
2026-02-25 00:55:48.815305,0.13914966583251953,952,309,0,0,0.08249545097351074,key
2026-02-25 00:55:48.875669,0.09594464302062988,952,309,0,0,0.0603635311126709,key
2026-02-25 00:55:49.038720,0.09026813507080078,952,309,0,0,0.16305160522460938,key
2026-02-25 00:55:49.202155,0.15021061897277832,952,309,0,0,0.16343426704406738,key
2026-02-25 00:55:49.280579,0.16054320335388184,952,309,0,0,0.07842397689819336,key
2026-02-25 00:55:49.314301,0.12866640090942383,952,309,0,0,0.0337221622467041,key
2026-02-25 00:55:49.499910,0.09973335266113281,952,309,0,0,0.1856091022491455,key
2026-02-25 00:55:49.603632,0.11170220375061035,952,309,0,0,0.10372233390808105,key
2026-02-25 00:55:49.724042,0.16811156272888184,952,309,0,0,0.12040948867797852,key
2026-02-25 00:55:49.843994,0.11196398735046387,952,309,0,0,0.11995267868041992,key
2026-02-25 00:55:49.958236,0.14187026023864746,952,309,0,0,0.11424112319946289,key
2026-02-25 00:55:50.132318,0.11222124099731445,952,309,0,0,0.17408299446105957,key
2026-02-25 00:55:50.226014,0.14371466636657715,952,309,0,0,0.09369516372680664,key
2026-02-25 00:55:50.347965,0.10967206954956055,952,309,0,0,0.12195086479187012,key
2026-02-25 00:55:50.510033,0.12989568710327148,952,309,0,0,0.16206836700439453,key
2026-02-25 00:55:50.597912,0.0859990119934082,952,309,0,0,0.08787918090820312,key
2026-02-25 00:55:50.827888,0.10761904716491699,952,309,0,0,0.22997546195983887,key
2026-02-25 00:55:51.020439,0.10863184928894043,952,309,0,0,0.192551851272583,key
2026-02-25 00:55:51.145883,0.10753870010375977,952,309,0,0,0.1254439353942871,key
2026-02-25 00:55:51.278906,0.17932605743408203,952,309,0,0,0.13302278518676758,key
2026-02-25 00:55:51.330227,0.06586527824401855,952,309,0,0,0.051320791244506836,key
2026-02-25 00:55:51.699929,0.2059164047241211,952,309,0,0,0.3697018623352051,key
2026-02-25 00:55:51.709931,0.15985751152038574,952,309,0,0,0.010001659393310547,key
2026-02-25 00:55:54.700269,0,930,305,0,0,2.9903390407562256,move
2026-02-25 00:55:54.706847,0,887,298,0,0,0.006577968597412109,move
2026-02-25 00:55:54.713665,0,844,293,0,0,0.006817340850830078,move
2026-02-25 00:55:54.720642,0,810,293,0,0,0.006977558135986328,move
2026-02-25 00:55:54.727221,0,776,294,0,0,0.0065784454345703125,move
2026-02-25 00:55:54.734164,0,743,300,0,0,0.0069427490234375,move
2026-02-25 00:55:54.740671,0,720,308,0,0,0.006507396697998047,move
2026-02-25 00:55:54.748188,0,697,317,0,0,0.0075168609619140625,move
2026-02-25 00:55:54.754577,0,680,324,0,0,0.00638890266418457,move
2026-02-25 00:55:54.761581,0,664,334,0,0,0.007004737854003906,move
2026-02-25 00:55:54.768582,0,651,343,0,0,0.0070002079010009766,move
2026-02-25 00:55:54.775157,0,641,347,0,0,0.006575345993041992,move
2026-02-25 00:55:54.781297,0,633,351,0,0,0.006140470504760742,move
2026-02-25 00:55:54.788297,0,628,356,0,0,0.0069997310638427734,move
2026-02-25 00:55:54.795704,0,624,361,0,0,0.007407188415527344,move
2026-02-25 00:55:54.802709,0,623,368,0,0,0.007004261016845703,move
2026-02-25 00:55:54.808709,0,623,379,0,0,0.0060007572174072266,move
2026-02-25 00:55:54.816257,0,627,403,0,0,0.007547855377197266,move
2026-02-25 00:55:54.822261,0,643,442,0,0,0.00600433349609375,move
2026-02-25 00:55:54.829272,0,670,490,0,0,0.007010221481323242,move
2026-02-25 00:55:54.836770,0,709,536,0,0,0.007498025894165039,move
2026-02-25 00:55:54.843286,0,748,570,0,0,0.006516218185424805,move
2026-02-25 00:55:54.850286,0,790,602,0,0,0.006999969482421875,move
2026-02-25 00:55:54.857166,0,824,627,0,0,0.006879568099975586,move
2026-02-25 00:55:54.863644,0,857,647,0,0,0.006478548049926758,move
2026-02-25 00:55:54.870645,0,888,659,0,0,0.007000923156738281,move
2026-02-25 00:55:54.877825,0,910,664,0,0,0.007179737091064453,move
2026-02-25 00:55:54.883829,0,928,666,0,0,0.0060045719146728516,move
2026-02-25 00:55:54.890829,0,943,666,0,0,0.006999969482421875,move
2026-02-25 00:55:54.898539,0,947,664,0,0,0.007709980010986328,move
2026-02-25 00:55:54.904707,0,954,658,0,0,0.00616765022277832,move
2026-02-25 00:55:54.911707,0,965,647,0,0,0.0070002079010009766,move
2026-02-25 00:55:54.919130,0,969,629,0,0,0.007422447204589844,move
2026-02-25 00:55:54.925991,0,972,612,0,0,0.006860971450805664,move
2026-02-25 00:55:54.932990,0,972,590,0,0,0.006998777389526367,move
2026-02-25 00:55:54.938991,0,961,535,0,0,0.00600123405456543,move
2026-02-25 00:55:54.945273,0,944,489,0,0,0.006282329559326172,move
2026-02-25 00:55:54.954442,0,922,446,0,0,0.009168863296508789,move
2026-02-25 00:55:54.960442,0,887,403,0,0,0.0060002803802490234,move
2026-02-25 00:55:54.967441,0,854,368,0,0,0.006999492645263672,move
2026-02-25 00:55:54.974848,0,824,346,0,0,0.0074062347412109375,move
2026-02-25 00:55:54.981852,0,792,314,0,0,0.007004499435424805,move
2026-02-25 00:55:54.987852,0,757,286,0,0,0.006000041961669922,move
2026-02-25 00:55:54.995397,0,731,270,0,0,0.007544517517089844,move
2026-02-25 00:55:55.002145,0,705,265,0,0,0.0067479610443115234,move
2026-02-25 00:55:55.009144,0,685,265,0,0,0.006999492645263672,move
2026-02-25 00:55:55.015912,0,670,270,0,0,0.0067675113677978516,move
2026-02-25 00:55:55.022916,0,657,277,0,0,0.007004261016845703,move
2026-02-25 00:55:55.028920,0,647,284,0,0,0.006003856658935547,move
2026-02-25 00:55:55.036562,0,643,289,0,0,0.007642030715942383,move
2026-02-25 00:55:55.043364,0,639,296,0,0,0.006802082061767578,move
2026-02-25 00:55:55.050369,0,635,305,0,0,0.007004737854003906,move
2026-02-25 00:55:55.057381,0,631,314,0,0,0.007012128829956055,move
2026-02-25 00:55:55.063987,0,628,322,0,0,0.006606340408325195,move
2026-02-25 00:55:55.070990,0,627,331,0,0,0.007003068923950195,move
2026-02-25 00:55:55.077360,0,628,351,0,0,0.006370067596435547,move
2026-02-25 00:55:55.084366,0,636,376,0,0,0.007005929946899414,move
2026-02-25 00:55:55.091366,0,649,410,0,0,0.006999969482421875,move
2026-02-25 00:55:55.098105,0,662,432,0,0,0.006738901138305664,move
2026-02-25 00:55:55.105026,0,682,456,0,0,0.006920576095581055,move
2026-02-25 00:55:55.111435,0,699,471,0,0,0.00640869140625,move
2026-02-25 00:55:55.118436,0,718,485,0,0,0.0070018768310546875,move
2026-02-25 00:55:55.125608,0,732,493,0,0,0.0071713924407958984,move
2026-02-25 00:55:55.132453,0,750,496,0,0,0.006845235824584961,move
2026-02-25 00:55:55.138969,0,763,496,0,0,0.0065157413482666016,move
2026-02-25 00:55:55.146159,0,767,496,0,0,0.007190704345703125,move
2026-02-25 00:55:55.153126,0,781,492,0,0,0.006966590881347656,move
2026-02-25 00:55:55.160135,0,793,481,0,0,0.007009267807006836,move
2026-02-25 00:55:55.166133,0,806,470,0,0,0.005997896194458008,move
2026-02-25 00:55:55.173564,0,818,450,0,0,0.0074307918548583984,move
2026-02-25 00:55:55.180600,0,826,435,0,0,0.007035970687866211,move
2026-02-25 00:55:55.186999,0,832,418,0,0,0.006398916244506836,move
2026-02-25 00:55:55.194189,0,832,405,0,0,0.0071904659271240234,move
2026-02-25 00:55:55.200950,0,829,399,0,0,0.006760120391845703,move
2026-02-25 00:55:55.207950,0,822,383,0,0,0.007000446319580078,move
2026-02-25 00:55:55.214954,0,812,370,0,0,0.007004261016845703,move
2026-02-25 00:55:55.221431,0,800,356,0,0,0.006476402282714844,move
2026-02-25 00:55:55.228395,0,788,345,0,0,0.006964445114135742,move
2026-02-25 00:55:55.234453,0,776,336,0,0,0.0060577392578125,move
2026-02-25 00:55:55.241693,0,760,315,0,0,0.0072405338287353516,move
2026-02-25 00:55:55.249065,0,748,303,0,0,0.007371425628662109,move
2026-02-25 00:55:55.255107,0,734,289,0,0,0.00604248046875,move
2026-02-25 00:55:55.262017,0,724,280,0,0,0.006909608840942383,move
2026-02-25 00:55:55.269099,0,717,274,0,0,0.007081747055053711,move
2026-02-25 00:55:55.461813,0.16599583625793457,717,274,0,0,0.19271421432495117,key
2026-02-25 00:55:55.505739,0.141707181930542,717,274,0,0,0.04392576217651367,key
2026-02-25 00:55:56.549269,0,710,290,0,0,1.0435302257537842,move
2026-02-25 00:55:56.556088,0,705,299,0,0,0.006819725036621094,move
2026-02-25 00:55:56.562602,0,701,314,0,0,0.0065135955810546875,move
2026-02-25 00:55:56.569602,0,694,336,0,0,0.0069997310638427734,move
2026-02-25 00:55:56.576636,0,690,355,0,0,0.0070340633392333984,move
2026-02-25 00:55:56.583504,0,682,382,0,0,0.0068683624267578125,move
2026-02-25 00:55:56.590513,0,679,410,0,0,0.007008790969848633,move
2026-02-25 00:55:56.596508,0,675,431,0,0,0.005995273590087891,move
2026-02-25 00:55:56.604213,0,675,451,0,0,0.007704257965087891,move
2026-02-25 00:55:56.611263,0,675,467,0,0,0.007050752639770508,move
2026-02-25 00:55:56.617256,0,675,478,0,0,0.0059926509857177734,move
2026-02-25 00:55:56.624272,0,675,486,0,0,0.007016181945800781,move
2026-02-25 00:55:56.631414,0,675,493,0,0,0.007142305374145508,move
2026-02-25 00:55:56.638419,0,675,495,0,0,0.007004737854003906,move
2026-02-25 00:55:56.645418,0,675,498,0,0,0.006998538970947266,move
2026-02-25 00:55:56.652343,0,675,499,0,0,0.0069255828857421875,move
2026-02-25 00:55:56.658964,0,675,500,0,0,0.006620168685913086,move
2026-02-25 00:55:56.672524,0,674,500,0,0,0.013560295104980469,move
2026-02-25 00:55:56.679295,0,672,502,0,0,0.0067713260650634766,move
2026-02-25 00:55:56.686296,0,669,505,0,0,0.007001399993896484,move
2026-02-25 00:55:56.693099,0,666,508,0,0,0.006802797317504883,move
2026-02-25 00:55:56.700110,0,661,512,0,0,0.007010459899902344,move
2026-02-25 00:55:56.707144,0,656,519,0,0,0.0070340633392333984,move
2026-02-25 00:55:56.713150,0,649,525,0,0,0.006006479263305664,move
2026-02-25 00:55:56.720766,0,642,532,0,0,0.007616281509399414,move
2026-02-25 00:55:56.727201,0,632,542,0,0,0.006434202194213867,move
2026-02-25 00:55:56.733579,0,625,553,0,0,0.0063784122467041016,move
2026-02-25 00:55:56.740894,0,618,559,0,0,0.007314920425415039,move
2026-02-25 00:55:56.747584,0,612,568,0,0,0.006689548492431641,move
2026-02-25 00:55:56.754583,0,609,571,0,0,0.00699925422668457,move
2026-02-25 00:55:56.761587,0,606,574,0,0,0.0070037841796875,move
2026-02-25 00:55:56.767869,0,604,576,0,0,0.00628209114074707,move
2026-02-25 00:55:56.775042,0,603,577,0,0,0.0071735382080078125,move
2026-02-25 00:55:56.782038,0,602,577,0,0,0.006995201110839844,move
2026-02-25 00:55:56.822643,0,602,577,0,0,0.04060554504394531,move
2026-02-25 00:55:56.829644,0,604,578,0,0,0.007001399993896484,move
2026-02-25 00:55:56.836651,0,608,580,0,0,0.007006406784057617,move
2026-02-25 00:55:56.844027,0,613,583,0,0,0.0073757171630859375,move
2026-02-25 00:55:56.850562,0,622,594,0,0,0.006535053253173828,move
2026-02-25 00:55:56.857565,0,629,604,0,0,0.007002830505371094,move
2026-02-25 00:55:56.863561,0,638,612,0,0,0.0059969425201416016,move
2026-02-25 00:55:56.871570,0,643,622,0,0,0.008008241653442383,move
2026-02-25 00:55:56.877722,0,649,630,0,0,0.006151914596557617,move
2026-02-25 00:55:56.885176,0,653,637,0,0,0.0074541568756103516,move
2026-02-25 00:55:56.891169,0,656,642,0,0,0.0059931278228759766,move
2026-02-25 00:55:56.898550,0,660,646,0,0,0.007381439208984375,move
2026-02-25 00:55:56.905549,0,662,648,0,0,0.006998538970947266,move
2026-02-25 00:55:56.911550,0,663,650,0,0,0.0060007572174072266,move
2026-02-25 00:55:56.919486,0,664,652,0,0,0.007936239242553711,move
2026-02-25 00:55:56.925491,0,665,653,0,0,0.006005287170410156,move
2026-02-25 00:55:56.939014,0,665,654,0,0,0.013522624969482422,move
2026-02-25 00:55:56.946517,0,665,655,0,0,0.0075032711029052734,move
2026-02-25 00:55:56.952559,0,665,658,0,0,0.00604248046875,move
2026-02-25 00:55:56.960027,0,665,664,0,0,0.007467746734619141,move
2026-02-25 00:55:56.967031,0,666,668,0,0,0.0070037841796875,move
2026-02-25 00:55:56.973031,0,666,672,0,0,0.006000041961669922,move
2026-02-25 00:55:56.980668,0,666,678,0,0,0.007637500762939453,move
2026-02-25 00:55:56.987699,0,666,681,0,0,0.007030487060546875,move
2026-02-25 00:55:56.993703,0,667,686,0,0,0.006003618240356445,move
2026-02-25 00:55:57.000695,0,667,688,0,0,0.0069921016693115234,move
2026-02-25 00:55:57.007437,0,668,691,0,0,0.0067424774169921875,move
2026-02-25 00:55:57.014380,0,668,693,0,0,0.0069429874420166016,move
2026-02-25 00:55:57.021412,0,668,694,0,0,0.007032155990600586,move
2026-02-25 00:55:57.028388,0,668,694,0,0,0.006975650787353516,move
2026-02-25 00:55:57.035285,0,669,695,0,0,0.0068972110748291016,move
2026-02-25 00:55:57.041291,0,669,696,0,0,0.006006002426147461,move
2026-02-25 00:55:57.048498,0,670,696,0,0,0.007206916809082031,move
2026-02-25 00:55:57.055554,0,671,697,0,0,0.007055759429931641,move
2026-02-25 00:55:57.062771,0,673,698,0,0,0.0072171688079833984,move
2026-02-25 00:55:57.069776,0,676,700,0,0,0.007004976272583008,move
2026-02-25 00:55:57.076584,0,679,701,0,0,0.006808280944824219,move
2026-02-25 00:55:57.083584,0,685,705,0,0,0.0069997310638427734,move
2026-02-25 00:55:57.090190,0,691,708,0,0,0.006606101989746094,move
2026-02-25 00:55:57.096950,0,695,709,0,0,0.0067596435546875,move
2026-02-25 00:55:57.103957,0,699,710,0,0,0.007007122039794922,move
2026-02-25 00:55:57.110061,0,704,712,0,0,0.006104469299316406,move
2026-02-25 00:55:57.117363,0,710,713,0,0,0.007302045822143555,move
2026-02-25 00:55:57.124364,0,713,714,0,0,0.0070002079010009766,move
2026-02-25 00:55:57.131368,0,716,716,0,0,0.0070040225982666016,move
2026-02-25 00:55:57.138372,0,719,717,0,0,0.007004499435424805,move
2026-02-25 00:55:57.144440,0,723,719,0,0,0.006067514419555664,move
2026-02-25 00:55:57.151334,0,725,720,0,0,0.006894111633300781,move
2026-02-25 00:55:57.158332,0,726,721,0,0,0.006998538970947266,move
2026-02-25 00:55:57.165585,0,727,721,0,0,0.007252216339111328,move
2026-02-25 00:55:57.172248,0,728,722,0,0,0.006663322448730469,move
2026-02-25 00:55:57.179251,0,728,723,0,0,0.007003307342529297,move
2026-02-25 00:55:57.185251,0,729,724,0,0,0.00599980354309082,move
2026-02-25 00:55:57.193050,0,730,725,0,0,0.007799386978149414,move
2026-02-25 00:55:57.199209,0,732,727,0,0,0.006158113479614258,move
2026-02-25 00:55:57.206207,0,733,728,0,0,0.006999015808105469,move
2026-02-25 00:55:57.212699,0,733,729,0,0,0.006491184234619141,move
2026-02-25 00:55:57.219698,0,734,731,0,0,0.006999492645263672,move
2026-02-25 00:55:57.227144,0,735,732,0,0,0.007445335388183594,move
2026-02-25 00:55:57.234019,0,735,733,0,0,0.006875276565551758,move
2026-02-25 00:55:57.240023,0,736,734,0,0,0.00600433349609375,move
2026-02-25 00:55:57.247559,0,736,734,0,0,0.007535696029663086,move
2026-02-25 00:55:57.254462,0,737,735,0,0,0.006902933120727539,move
2026-02-25 00:55:57.261467,0,737,736,0,0,0.007005453109741211,move
2026-02-25 00:55:57.274999,0,738,738,0,0,0.013532161712646484,move
2026-02-25 00:55:57.281665,0,738,738,0,0,0.006665706634521484,move
2026-02-25 00:55:57.288642,0,738,741,0,0,0.006977081298828125,move
2026-02-25 00:55:57.295549,0,738,742,0,0,0.0069065093994140625,move
2026-02-25 00:55:57.301825,0,738,743,0,0,0.006276130676269531,move
2026-02-25 00:55:57.309173,0,738,743,0,0,0.007347822189331055,move
2026-02-25 00:55:57.316099,0,738,744,0,0,0.006926774978637695,move
2026-02-25 00:55:57.323106,0,738,745,0,0,0.007006168365478516,move
2026-02-25 00:55:57.329104,0,738,746,0,0,0.005998373031616211,move
2026-02-25 00:55:57.342775,0,738,747,0,0,0.013671159744262695,move
2026-02-25 00:55:57.378101,0,738,747,0,0,0.03532600402832031,move
2026-02-25 00:55:57.412365,0,738,747,0,0,0.034264326095581055,click
2026-02-25 00:55:57.686224,0,739,748,0,0,0.27385878562927246,move
2026-02-25 00:55:57.692709,0,739,749,0,0,0.006484508514404297,move
2026-02-25 00:55:57.699708,0,740,750,0,0,0.00699925422668457,move
2026-02-25 00:55:57.705710,0,741,751,0,0,0.006001949310302734,move
2026-02-25 00:55:57.713279,0,742,752,0,0,0.007569074630737305,move
2026-02-25 00:55:57.720370,0,742,753,0,0,0.00709080696105957,move
2026-02-25 00:55:57.726366,0,743,754,0,0,0.005996227264404297,move
2026-02-25 00:55:57.733371,0,743,755,0,0,0.007004976272583008,move
2026-02-25 00:55:57.740606,0,744,755,0,0,0.007235288619995117,move
2026-02-25 00:55:57.754064,0,745,756,0,0,0.013457298278808594,move
2026-02-25 00:55:57.768261,0,745,757,0,0,0.014197826385498047,move
2026-02-25 00:55:57.774990,0,745,757,0,0,0.006728410720825195,move
2026-02-25 00:55:57.780997,0,745,758,0,0,0.006006717681884766,move
2026-02-25 00:55:57.787997,0,745,758,0,0,0.007000446319580078,move
2026-02-25 00:55:57.795397,0,746,759,0,0,0.007399797439575195,move
2026-02-25 00:55:57.802402,0,746,760,0,0,0.007004737854003906,move
2026-02-25 00:55:57.809410,0,747,761,0,0,0.00700831413269043,move
2026-02-25 00:55:57.815841,0,748,762,0,0,0.006430864334106445,move
2026-02-25 00:55:57.822380,0,748,763,0,0,0.006538867950439453,move
2026-02-25 00:55:57.829375,0,749,764,0,0,0.006995201110839844,move
2026-02-25 00:55:57.836414,0,749,765,0,0,0.00703883171081543,move
2026-02-25 00:55:57.849115,0,749,766,0,0,0.012701749801635742,move
2026-02-25 00:55:57.856583,0,749,766,0,0,0.007467508316040039,move
2026-02-25 00:55:57.863625,0,749,767,0,0,0.007042407989501953,move
2026-02-25 00:55:57.870583,0,750,767,0,0,0.0069580078125,move
2026-02-25 00:55:57.877585,0,750,768,0,0,0.007002115249633789,move
2026-02-25 00:55:57.884069,0,750,769,0,0,0.006483316421508789,move
2026-02-25 00:55:57.890706,0,751,769,0,0,0.006636857986450195,move
2026-02-25 00:55:57.897704,0,751,770,0,0,0.006998538970947266,move
2026-02-25 00:55:57.911194,0,751,770,0,0,0.01349020004272461,move
2026-02-25 00:55:57.918196,0,752,770,0,0,0.007001638412475586,move
2026-02-25 00:55:57.925430,0,752,771,0,0,0.007234334945678711,move
2026-02-25 00:55:57.980367,0,752,771,0,0,0.05493640899658203,click
2026-02-25 00:55:59.187791,0.10577607154846191,752,771,0,0,1.2074244022369385,key
2026-02-25 00:55:59.282470,0.0786745548248291,752,771,0,0,0.09467887878417969,key
2026-02-25 00:55:59.425902,0.11012387275695801,752,771,0,0,0.1434323787689209,key
2026-02-25 00:55:59.535779,0.07239055633544922,752,771,0,0,0.10987639427185059,key
2026-02-25 00:55:59.635546,0.08741521835327148,752,771,0,0,0.09976696968078613,key
2026-02-25 00:55:59.992020,0.09990096092224121,752,771,0,0,0.3564746379852295,key
2026-02-25 00:56:00.122334,0.07213711738586426,752,771,0,0,0.13031387329101562,key
2026-02-25 00:56:00.363397,0.06908965110778809,752,771,0,0,0.24106287956237793,key
2026-02-25 00:56:00.537514,0.137284517288208,752,771,0,0,0.1741166114807129,key
2026-02-25 00:56:00.600776,0.12662577629089355,752,771,0,0,0.0632624626159668,key
2026-02-25 00:56:00.685593,0.09184432029724121,752,771,0,0,0.08481717109680176,key
2026-02-25 00:56:01.241336,0.12161588668823242,752,771,0,0,0.5557429790496826,key
2026-02-25 00:56:01.495473,0.07378864288330078,752,771,0,0,0.2541370391845703,key
2026-02-25 00:56:01.663416,0.11207365989685059,752,771,0,0,0.16794300079345703,key
2026-02-25 00:56:02.057832,0.09234809875488281,752,771,0,0,0.39441537857055664,key
2026-02-25 00:56:02.139970,0.07054758071899414,752,771,0,0,0.0821385383605957,key
2026-02-25 00:56:02.252161,0.093658447265625,752,771,0,0,0.11219024658203125,key
2026-02-25 00:56:02.465405,0.11168527603149414,752,771,0,0,0.21324419975280762,key
2026-02-25 00:56:02.551458,0.11161017417907715,752,771,0,0,0.08605337142944336,key
2026-02-25 00:56:02.845905,0.06823348999023438,752,771,0,0,0.2944471836090088,key
2026-02-25 00:56:03.030249,0.07603573799133301,752,771,0,0,0.1843433380126953,key
2026-02-25 00:56:03.157466,0.13356781005859375,752,771,0,0,0.12721705436706543,key
2026-02-25 00:56:03.195830,0.09617257118225098,752,771,0,0,0.038364410400390625,key
2026-02-25 00:56:03.403777,0.07023191452026367,752,771,0,0,0.2079470157623291,key
2026-02-25 00:56:03.495710,0.09802508354187012,752,771,0,0,0.09193253517150879,key
2026-02-25 00:56:03.805886,0.09140825271606445,752,771,0,0,0.31017637252807617,key
2026-02-25 00:56:04.059692,0.09415197372436523,752,771,0,0,0.25380563735961914,key
2026-02-25 00:56:04.292120,0.07450437545776367,752,771,0,0,0.23242855072021484,key
2026-02-25 00:56:04.493360,0.16134953498840332,752,771,0,0,0.20123958587646484,key
2026-02-25 00:56:04.548066,0.11043620109558105,752,771,0,0,0.054706573486328125,key
2026-02-25 00:56:04.577650,0.08228278160095215,752,771,0,0,0.02958393096923828,key
2026-02-25 00:56:04.725298,0.059523820877075195,752,771,0,0,0.14764761924743652,key
2026-02-25 00:56:05.007732,0.1396317481994629,752,771,0,0,0.28243374824523926,key
2026-02-25 00:56:05.115257,0.08512711524963379,752,771,0,0,0.10752558708190918,key
2026-02-25 00:56:05.284055,0.1346292495727539,752,771,0,0,0.16879796981811523,key
2026-02-25 00:56:05.341651,0.11053276062011719,752,771,0,0,0.05759620666503906,key
2026-02-25 00:56:05.523738,0.06789064407348633,752,771,0,0,0.18208646774291992,key
2026-02-25 00:56:05.735407,0.16599202156066895,752,771,0,0,0.2116692066192627,key
2026-02-25 00:56:05.819755,0.16355204582214355,752,771,0,0,0.08434772491455078,key
2026-02-25 00:56:05.846209,0.1023249626159668,752,771,0,0,0.026454448699951172,key
2026-02-25 00:56:06.071830,0.06756711006164551,752,771,0,0,0.22562026977539062,key
2026-02-25 00:56:06.213657,0.12793636322021484,752,771,0,0,0.14182710647583008,key
2026-02-25 00:56:06.346078,0.14235854148864746,752,771,0,0,0.13242149353027344,key
2026-02-25 00:56:06.446289,0.11020994186401367,752,771,0,0,0.10021042823791504,key
2026-02-25 00:56:06.509674,0.10465645790100098,752,771,0,0,0.063385009765625,key
2026-02-25 00:56:06.882238,0.08244848251342773,752,771,0,0,0.37256431579589844,key
2026-02-25 00:56:07.011890,0.1206521987915039,752,771,0,0,0.1296522617340088,key
2026-02-25 00:56:07.077782,0.09653663635253906,752,771,0,0,0.06589198112487793,key
2026-02-25 00:56:07.194312,0.04820108413696289,752,771,0,0,0.1165304183959961,key
2026-02-25 00:56:07.324069,0.09842872619628906,752,771,0,0,0.12975621223449707,key
2026-02-25 00:56:07.413402,0.06552743911743164,752,771,0,0,0.08933353424072266,key
2026-02-25 00:56:07.597991,0.08804702758789062,752,771,0,0,0.18458890914916992,key
2026-02-25 00:56:07.715659,0.0761711597442627,752,771,0,0,0.11766791343688965,key
2026-02-25 00:56:07.835652,0.13992547988891602,752,771,0,0,0.11999273300170898,key
2026-02-25 00:56:07.859630,0.07191181182861328,752,771,0,0,0.02397775650024414,key
2026-02-25 00:56:08.182302,0.11465597152709961,752,771,0,0,0.32267212867736816,key
2026-02-25 00:56:08.625702,0.06608343124389648,752,771,0,0,0.44339990615844727,key
2026-02-25 00:56:08.827741,0.07782530784606934,752,771,0,0,0.20203948020935059,key
2026-02-25 00:56:09.028185,0.059243202209472656,752,771,0,0,0.20044374465942383,key
2026-02-25 00:56:09.099556,0.11416292190551758,752,771,0,0,0.07137131690979004,key
2026-02-25 00:56:09.169589,0.1285722255706787,752,771,0,0,0.07003283500671387,key
2026-02-25 00:56:09.462142,0.12846851348876953,752,771,0,0,0.2925529479980469,key
2026-02-25 00:56:09.583745,0.12958097457885742,752,771,0,0,0.12160301208496094,key
2026-02-25 00:56:09.790196,0.09611701965332031,752,771,0,0,0.2064509391784668,key
2026-02-25 00:56:10.155571,0.1180424690246582,752,771,0,0,0.3653750419616699,key
2026-02-25 00:56:10.350033,0.07860636711120605,752,771,0,0,0.19446158409118652,key
2026-02-25 00:56:10.482068,0.13603639602661133,752,771,0,0,0.1320357322692871,key
2026-02-25 00:56:10.519592,0.0942533016204834,752,771,0,0,0.037523746490478516,key
2026-02-25 00:56:11.290325,0.11074256896972656,752,771,0,0,0.7707335948944092,key
2026-02-25 00:56:11.465657,0.08968591690063477,752,771,0,0,0.17533111572265625,key
2026-02-25 00:56:11.673538,0.12982964515686035,752,771,0,0,0.20788097381591797,key
2026-02-25 00:56:11.755635,0.0740964412689209,752,771,0,0,0.08209753036499023,key
2026-02-25 00:56:11.859322,0.12413954734802246,752,771,0,0,0.10368680953979492,key
2026-02-25 00:56:12.019720,0.17252683639526367,752,771,0,0,0.16039752960205078,key
2026-02-25 00:56:12.124205,0.06853866577148438,752,771,0,0,0.10448527336120605,key
2026-02-25 00:56:12.513646,0.08200860023498535,752,771,0,0,0.38944125175476074,key
2026-02-25 00:56:12.653547,0.1319878101348877,752,771,0,0,0.13990116119384766,key
2026-02-25 00:56:12.741127,0.10997390747070312,752,771,0,0,0.08757948875427246,key
2026-02-25 00:56:12.969801,0.09408354759216309,752,771,0,0,0.22867369651794434,key
2026-02-25 00:56:13.058135,0.08732819557189941,752,771,0,0,0.08833432197570801,key
2026-02-25 00:56:13.221859,0.09824395179748535,752,771,0,0,0.16372394561767578,key
2026-02-25 00:56:13.321542,0.17619085311889648,752,771,0,0,0.09968352317810059,key
2026-02-25 00:56:13.349457,0.09193587303161621,752,771,0,0,0.027915239334106445,key
2026-02-25 00:56:13.520268,0.11438727378845215,752,771,0,0,0.17081046104431152,key
2026-02-25 00:56:13.575272,0.08373427391052246,752,771,0,0,0.05500364303588867,key
2026-02-25 00:56:13.649787,0.09601950645446777,752,771,0,0,0.07451558113098145,key
2026-02-25 00:56:13.907344,0.09381508827209473,752,771,0,0,0.2575562000274658,key
2026-02-25 00:56:14.251283,0.1337876319885254,752,771,0,0,0.34393930435180664,key
2026-02-25 00:56:14.346450,0.12289261817932129,752,771,0,0,0.09516668319702148,key
2026-02-25 00:56:14.607994,0.1324310302734375,752,771,0,0,0.26154470443725586,key
2026-02-25 00:56:14.715670,0.1601085662841797,752,771,0,0,0.10767626762390137,key
2026-02-25 00:56:14.757369,0.08423590660095215,752,771,0,0,0.04169869422912598,key
2026-02-25 00:56:14.931896,0.11277246475219727,752,771,0,0,0.17452716827392578,key
2026-02-25 00:56:15.045726,0.08748054504394531,752,771,0,0,0.1138298511505127,key
2026-02-25 00:56:15.193700,0.14597487449645996,752,771,0,0,0.14797353744506836,key
2026-02-25 00:56:15.275378,0.0762627124786377,752,771,0,0,0.08167839050292969,key
2026-02-25 00:56:15.309457,0.062015533447265625,752,771,0,0,0.03407931327819824,key
2026-02-25 00:56:16.056990,0.0593264102935791,752,771,0,0,0.7475321292877197,key
2026-02-25 00:56:16.217707,0.08168482780456543,752,771,0,0,0.16071701049804688,key
2026-02-25 00:56:16.431594,0.0798797607421875,752,771,0,0,0.21388721466064453,key
2026-02-25 00:56:16.583625,0.12195825576782227,752,771,0,0,0.15203142166137695,key
2026-02-25 00:56:16.705797,0.08200263977050781,752,771,0,0,0.12217211723327637,key
2026-02-25 00:56:16.917912,0.08174586296081543,752,771,0,0,0.2121143341064453,key
2026-02-25 00:56:17.029411,0.07191896438598633,752,771,0,0,0.11149954795837402,key
2026-02-25 00:56:17.231560,0.17387175559997559,752,771,0,0,0.2021489143371582,key
2026-02-25 00:56:17.273478,0.14765214920043945,752,771,0,0,0.04191756248474121,key
2026-02-25 00:56:17.320920,0.1117699146270752,752,771,0,0,0.04744219779968262,key
2026-02-25 00:56:17.522956,0.1128079891204834,752,771,0,0,0.20203638076782227,key
2026-02-25 00:56:17.595778,0.07821941375732422,752,771,0,0,0.07282161712646484,key
2026-02-25 00:56:17.825730,0.10651969909667969,752,771,0,0,0.22995257377624512,key
2026-02-25 00:56:18.430267,0.09075164794921875,752,771,0,0,0.6045365333557129,key
2026-02-25 00:56:18.697484,0.08181023597717285,752,771,0,0,0.26721692085266113,key
2026-02-25 00:56:18.907347,0.15580296516418457,752,771,0,0,0.20986342430114746,key
2026-02-25 00:56:19.278354,0.19506001472473145,752,771,0,0,0.37100648880004883,key
2026-02-25 00:56:19.337902,0.1685631275177002,752,771,0,0,0.05954790115356445,key
2026-02-25 00:56:26.406895,0.0010001659393310547,752,771,0,0,7.068993806838989,key
2026-02-25 00:56:27.119115,0,742,727,0,0,0.7122194766998291,move
2026-02-25 00:56:27.125115,0,719,666,0,0,0.00599980354309082,move
2026-02-25 00:56:27.132652,0,691,591,0,0,0.007537364959716797,move
2026-02-25 00:56:27.139657,0,663,512,0,0,0.007005214691162109,move
2026-02-25 00:56:27.145658,0,631,433,0,0,0.0060002803802490234,move
2026-02-25 00:56:27.153138,0,600,354,0,0,0.007480144500732422,move
2026-02-25 00:56:27.159758,0,570,285,0,0,0.006620645523071289,move
2026-02-25 00:56:27.166758,0,543,217,0,0,0.006999492645263672,move
2026-02-25 00:56:27.173763,0,513,156,0,0,0.007004737854003906,move
2026-02-25 00:56:27.180662,0,485,104,0,0,0.006899118423461914,move
2026-02-25 00:56:27.187174,0,466,58,0,0,0.006512641906738281,move
2026-02-25 00:56:27.194324,0,446,25,0,0,0.007149696350097656,move
2026-02-25 00:56:27.201325,0,430,-1,0,0,0.007000446319580078,move
2026-02-25 00:56:27.207325,0,420,-12,0,0,0.0060002803802490234,move
2026-02-25 00:56:27.214828,0,413,-8,0,0,0.00750279426574707,move
2026-02-25 00:56:27.221309,0,406,-5,0,0,0.0064814090728759766,move
2026-02-25 00:56:27.228332,0,403,0,0,0,0.007022857666015625,move
2026-02-25 00:56:27.235354,0,402,0,0,0,0.007021903991699219,move
2026-02-25 00:56:27.242359,0,402,0,0,0,0.007005214691162109,move
2026-02-25 00:56:27.276511,0,402,0,0,0,0.03415203094482422,move
2026-02-25 00:56:27.283513,0,402,3,0,0,0.0070018768310546875,move
2026-02-25 00:56:27.289493,0,402,7,0,0,0.005979776382446289,move
2026-02-25 00:56:27.297034,0,403,13,0,0,0.0075414180755615234,move
2026-02-25 00:56:27.303392,0,404,21,0,0,0.006357908248901367,move
2026-02-25 00:56:27.310516,0,407,34,0,0,0.007123708724975586,move
2026-02-25 00:56:27.317218,0,408,47,0,0,0.0067021846771240234,move
2026-02-25 00:56:27.325227,0,413,64,0,0,0.008008718490600586,move
2026-02-25 00:56:27.331222,0,417,81,0,0,0.005995273590087891,move
2026-02-25 00:56:27.338119,0,420,97,0,0,0.006897687911987305,move
2026-02-25 00:56:27.345297,0,425,114,0,0,0.007177829742431641,move
2026-02-25 00:56:27.351297,0,430,131,0,0,0.006000041961669922,move
2026-02-25 00:56:27.358460,0,436,146,0,0,0.007162332534790039,move
2026-02-25 00:56:27.364611,0,443,158,0,0,0.006151437759399414,move
2026-02-25 00:56:27.371614,0,447,168,0,0,0.007002592086791992,move
2026-02-25 00:56:27.379029,0,453,176,0,0,0.007415056228637695,move
2026-02-25 00:56:27.384933,0,458,182,0,0,0.005904674530029297,move
2026-02-25 00:56:27.392714,0,462,187,0,0,0.0077800750732421875,move
2026-02-25 00:56:27.399537,0,465,192,0,0,0.006823062896728516,move
2026-02-25 00:56:27.405813,0,472,199,0,0,0.00627589225769043,move
2026-02-25 00:56:27.412414,0,475,202,0,0,0.0066013336181640625,move
2026-02-25 00:56:27.419657,0,477,204,0,0,0.00724339485168457,move
2026-02-25 00:56:27.426638,0,479,207,0,0,0.0069811344146728516,move
2026-02-25 00:56:27.433829,0,481,209,0,0,0.0071909427642822266,move
2026-02-25 00:56:27.440750,0,483,211,0,0,0.006920337677001953,move
2026-02-25 00:56:27.446748,0,485,212,0,0,0.005998373031616211,move
2026-02-25 00:56:27.454369,0,486,213,0,0,0.007620573043823242,move
2026-02-25 00:56:27.461273,0,487,213,0,0,0.0069048404693603516,move
2026-02-25 00:56:27.475168,0,487,214,0,0,0.01389455795288086,move
2026-02-25 00:56:27.481168,0,489,214,0,0,0.0060002803802490234,move
2026-02-25 00:56:27.535923,0,489,214,0,0,0.05475449562072754,move
2026-02-25 00:56:27.543519,0,488,213,0,0,0.007596731185913086,move
2026-02-25 00:56:27.550081,0,483,207,0,0,0.006561279296875,move
2026-02-25 00:56:27.556391,0,479,198,0,0,0.006310462951660156,move
2026-02-25 00:56:27.563391,0,474,188,0,0,0.006999969482421875,move
2026-02-25 00:56:27.570596,0,466,175,0,0,0.007205009460449219,move
2026-02-25 00:56:27.577612,0,457,157,0,0,0.007015705108642578,move
2026-02-25 00:56:27.584020,0,449,142,0,0,0.006407976150512695,move
2026-02-25 00:56:27.591191,0,443,125,0,0,0.007170915603637695,move
2026-02-25 00:56:27.598211,0,438,112,0,0,0.007020235061645508,move
2026-02-25 00:56:27.604211,0,434,102,0,0,0.006000041961669922,move
2026-02-25 00:56:27.611732,0,430,94,0,0,0.0075206756591796875,move
2026-02-25 00:56:27.618000,0,429,88,0,0,0.006268024444580078,move
2026-02-25 00:56:27.625480,0,429,85,0,0,0.00747990608215332,move
2026-02-25 00:56:27.632271,0,429,83,0,0,0.006791591644287109,move
2026-02-25 00:56:27.639324,0,429,82,0,0,0.007052183151245117,move
2026-02-25 00:56:27.645731,0,429,81,0,0,0.006407737731933594,move
2026-02-25 00:56:27.652831,0,429,80,0,0,0.007100105285644531,move
2026-02-25 00:56:27.748067,0,429,80,0,0,0.09523582458496094,move
2026-02-25 00:56:27.769474,0,429,81,0,0,0.021406888961791992,move
2026-02-25 00:56:27.783104,0,429,81,0,0,0.013629436492919922,move
2026-02-25 00:56:27.796613,0,429,82,0,0,0.013509273529052734,move
2026-02-25 00:56:27.810529,0,429,83,0,0,0.013915777206420898,move
2026-02-25 00:56:27.823935,0,429,84,0,0,0.01340627670288086,move
2026-02-25 00:56:27.837079,0,429,85,0,0,0.01314401626586914,move
2026-02-25 00:56:27.844162,0,428,85,0,0,0.007082939147949219,move
2026-02-25 00:56:27.851608,0,428,86,0,0,0.0074460506439208984,move
2026-02-25 00:56:27.857635,0,427,86,0,0,0.0060274600982666016,move
2026-02-25 00:56:27.865102,0,427,87,0,0,0.007467031478881836,move
2026-02-25 00:56:27.872062,0,427,88,0,0,0.006959199905395508,move
2026-02-25 00:56:27.878069,0,427,89,0,0,0.00600743293762207,move
2026-02-25 00:56:27.885068,0,426,89,0,0,0.006998777389526367,move
2026-02-25 00:56:27.899091,0,425,89,0,0,0.014023065567016602,move
2026-02-25 00:56:27.906090,0,424,90,0,0,0.006999492645263672,move
2026-02-25 00:56:27.913036,0,423,91,0,0,0.006945371627807617,move
2026-02-25 00:56:27.919685,0,422,91,0,0,0.0066492557525634766,move
2026-02-25 00:56:28.119055,0,422,91,0,0,0.1993699073791504,click
2026-02-25 00:56:28.291123,0,439,124,0,0,0.17206835746765137,move
2026-02-25 00:56:28.297995,0,491,199,0,0,0.006871938705444336,move
2026-02-25 00:56:28.304454,0,552,274,0,0,0.006458759307861328,move
2026-02-25 00:56:28.311454,0,611,343,0,0,0.0069997310638427734,move
2026-02-25 00:56:28.318532,0,690,430,0,0,0.007078409194946289,move
2026-02-25 00:56:28.325395,0,770,507,0,0,0.006862640380859375,move
2026-02-25 00:56:28.331978,0,846,580,0,0,0.006583213806152344,move
2026-02-25 00:56:28.339249,0,923,657,0,0,0.007271528244018555,move
2026-02-25 00:56:28.345900,0,995,724,0,0,0.0066509246826171875,move
2026-02-25 00:56:28.352906,0,1064,790,0,0,0.007005214691162109,move
2026-02-25 00:56:28.358905,0,1133,853,0,0,0.005999565124511719,move
2026-02-25 00:56:28.366824,0,1195,912,0,0,0.007918596267700195,move
2026-02-25 00:56:28.372831,0,1252,961,0,0,0.006006717681884766,move
2026-02-25 00:56:28.379833,0,1305,1003,0,0,0.007003068923950195,move
2026-02-25 00:56:28.387020,0,1349,1047,0,0,0.0071868896484375,move
2026-02-25 00:56:28.394054,0,1390,1079,0,0,0.007033824920654297,move
2026-02-25 00:56:28.401055,0,1421,1103,0,0,0.00700068473815918,move
2026-02-25 00:56:28.408139,0,1452,1101,0,0,0.007084369659423828,move
2026-02-25 00:56:28.414141,0,1479,1100,0,0,0.006001949310302734,move
2026-02-25 00:56:28.422142,0,1496,1094,0,0,0.008000373840332031,move
2026-02-25 00:56:28.428436,0,1517,1091,0,0,0.006294727325439453,move
2026-02-25 00:56:28.435436,0,1522,1082,0,0,0.006999969482421875,move
2026-02-25 00:56:28.442523,0,1534,1086,0,0,0.007086515426635742,move
2026-02-25 00:56:28.449291,0,1547,1090,0,0,0.006767749786376953,move
2026-02-25 00:56:28.455286,0,1563,1090,0,0,0.005995273590087891,move
2026-02-25 00:56:28.463294,0,1576,1086,0,0,0.008008003234863281,move
2026-02-25 00:56:28.469104,0,1590,1085,0,0,0.005810260772705078,move
2026-02-25 00:56:28.476668,0,1605,1085,0,0,0.00756382942199707,move
2026-02-25 00:56:28.482960,0,1615,1086,0,0,0.006291866302490234,move
2026-02-25 00:56:28.490217,0,1625,1084,0,0,0.007257223129272461,move
2026-02-25 00:56:28.496557,0,1628,1081,0,0,0.00634002685546875,move
2026-02-25 00:56:28.503557,0,1631,1080,0,0,0.0069997310638427734,move
2026-02-25 00:56:28.510782,0,1632,1079,0,0,0.00722503662109375,move
2026-02-25 00:56:28.517787,0,1634,1080,0,0,0.007005214691162109,move
2026-02-25 00:56:28.524789,0,1634,1079,0,0,0.0070018768310546875,move
2026-02-25 00:56:28.538314,0,1635,1079,0,0,0.013524532318115234,move
2026-02-25 00:56:28.579230,0,1636,1079,0,0,0.04091668128967285,move
2026-02-25 00:56:28.586235,0,1638,1079,0,0,0.007004737854003906,move
2026-02-25 00:56:28.593223,0,1642,1079,0,0,0.006988048553466797,move
2026-02-25 00:56:28.600007,0,1645,1078,0,0,0.006784200668334961,move
2026-02-25 00:56:28.606739,0,1648,1078,0,0,0.00673222541809082,move
2026-02-25 00:56:28.613129,0,1652,1077,0,0,0.006389617919921875,move
2026-02-25 00:56:28.620133,0,1656,1077,0,0,0.0070040225982666016,move
2026-02-25 00:56:28.626784,0,1663,1077,0,0,0.006651163101196289,move
2026-02-25 00:56:28.638789,0,1669,1075,0,0,0.012005329132080078,move
2026-02-25 00:56:28.640789,0,1675,1075,0,0,0.0019998550415039062,move
2026-02-25 00:56:28.647670,0,1681,1076,0,0,0.006880283355712891,move
2026-02-25 00:56:28.654703,0,1688,1076,0,0,0.007033824920654297,move
2026-02-25 00:56:28.661702,0,1696,1076,0,0,0.006999015808105469,move
2026-02-25 00:56:28.668701,0,1705,1077,0,0,0.006998300552368164,move
2026-02-25 00:56:28.674522,0,1718,1077,0,0,0.0058214664459228516,move
2026-02-25 00:56:28.681505,0,1731,1080,0,0,0.006982326507568359,move
2026-02-25 00:56:28.688772,0,1753,1087,0,0,0.0072672367095947266,move
2026-02-25 00:56:28.695815,0,1778,1091,0,0,0.007042646408081055,move
2026-02-25 00:56:28.701831,0,1807,1098,0,0,0.006016731262207031,move
2026-02-25 00:56:28.708831,0,1838,1103,0,0,0.006999969482421875,move
2026-02-25 00:56:28.716154,0,1860,1092,0,0,0.007323026657104492,move
2026-02-25 00:56:28.723181,0,1881,1089,0,0,0.0070264339447021484,move
2026-02-25 00:56:28.729661,0,1902,1090,0,0,0.0064809322357177734,move
2026-02-25 00:56:28.736837,0,1914,1083,0,0,0.007175445556640625,move
2026-02-25 00:56:28.743245,0,1922,1082,0,0,0.0064084529876708984,move
2026-02-25 00:56:28.749359,0,1925,1080,0,0,0.006113290786743164,move
2026-02-25 00:56:29.922861,0.14742565155029297,1925,1080,0,0,1.1735024452209473,key
2026-02-25 00:56:30.937511,0.12447714805603027,1925,1080,0,0,1.0146501064300537,key
2026-02-25 00:56:31.906490,0.09707283973693848,1925,1080,0,0,0.9689791202545166,key
2026-02-25 00:56:32.085051,0.023548603057861328,1925,1080,0,0,0.17856049537658691,key
2026-02-25 00:56:32.909213,0.10553979873657227,1925,1080,0,0,0.8241617679595947,key
2026-02-25 00:56:33.083485,0.12458634376525879,1925,1080,0,0,0.17427277565002441,key
2026-02-25 00:56:33.169354,3.604675054550171,1925,1080,0,0,0.08586883544921875,key
2026-02-25 00:56:33.647959,0,1900,1020,0,0,0.4786050319671631,move
2026-02-25 00:56:33.654239,0,1881,953,0,0,0.0062792301177978516,move
2026-02-25 00:56:33.661239,0,1868,887,0,0,0.00700068473815918,move
2026-02-25 00:56:33.668011,0,1860,818,0,0,0.0067713260650634766,move
2026-02-25 00:56:33.674460,0,1853,772,0,0,0.006449460983276367,move
2026-02-25 00:56:33.681460,0,1848,729,0,0,0.006999492645263672,move
2026-02-25 00:56:33.688379,0,1846,698,0,0,0.006919145584106445,move
2026-02-25 00:56:33.695738,0,1844,667,0,0,0.00735926628112793,move
2026-02-25 00:56:33.702058,0,1841,646,0,0,0.00632023811340332,move
2026-02-25 00:56:33.709061,0,1837,631,0,0,0.007002592086791992,move
2026-02-25 00:56:33.715561,0,1834,613,0,0,0.006500244140625,move
2026-02-25 00:56:33.722668,0,1828,599,0,0,0.00710749626159668,move
2026-02-25 00:56:33.729481,0,1825,586,0,0,0.006812334060668945,move
2026-02-25 00:56:33.736486,0,1824,583,0,0,0.007005214691162109,move
2026-02-25 00:56:33.742487,0,1823,579,0,0,0.006001472473144531,move
2026-02-25 00:56:33.750029,0,1821,571,0,0,0.007541179656982422,move
2026-02-25 00:56:33.757035,0,1817,565,0,0,0.007006406784057617,move
2026-02-25 00:56:33.763542,0,1815,557,0,0,0.006506919860839844,move
2026-02-25 00:56:33.770314,0,1812,550,0,0,0.006772279739379883,move
2026-02-25 00:56:33.996821,0,1764,520,0,0,0.22650647163391113,move
2026-02-25 00:56:34.003830,0,1701,476,0,0,0.007009029388427734,move
2026-02-25 00:56:34.010826,0,1636,423,0,0,0.00699615478515625,move
2026-02-25 00:56:34.017618,0,1569,369,0,0,0.006792545318603516,move
2026-02-25 00:56:34.023926,0,1504,313,0,0,0.006307840347290039,move
2026-02-25 00:56:34.031094,0,1443,263,0,0,0.0071680545806884766,move
2026-02-25 00:56:34.038094,0,1380,219,0,0,0.00699925422668457,move
2026-02-25 00:56:34.045056,0,1334,180,0,0,0.00696253776550293,move
2026-02-25 00:56:34.052060,0,1296,152,0,0,0.007004261016845703,move
2026-02-25 00:56:34.058061,0,1267,135,0,0,0.0060002803802490234,move
2026-02-25 00:56:34.065355,0,1241,122,0,0,0.0062944889068603516,move
2026-02-25 00:56:34.072716,0,1228,116,0,0,0.007360935211181641,move
2026-02-25 00:56:34.078991,0,1218,112,0,0,0.0062749385833740234,move
2026-02-25 00:56:34.086423,0,1209,110,0,0,0.007431983947753906,move
2026-02-25 00:56:34.092766,0,1204,108,0,0,0.006342649459838867,move
2026-02-25 00:56:34.099765,0,1203,108,0,0,0.006998777389526367,move
2026-02-25 00:56:34.346479,0,1158,92,0,0,0.24671435356140137,move
2026-02-25 00:56:34.352478,0,1075,58,0,0,0.005999088287353516,move
2026-02-25 00:56:34.360480,0,970,19,0,0,0.008002042770385742,move
2026-02-25 00:56:34.366839,0,872,-23,0,0,0.0063588619232177734,move
2026-02-25 00:56:34.373840,0,774,-38,0,0,0.00700068473815918,move
2026-02-25 00:56:34.380536,0,683,-41,0,0,0.006696462631225586,move
2026-02-25 00:56:34.387542,0,596,-38,0,0,0.0070056915283203125,move
2026-02-25 00:56:34.394556,0,513,-40,0,0,0.007014751434326172,move
2026-02-25 00:56:34.401036,0,444,-31,0,0,0.006479740142822266,move
2026-02-25 00:56:34.408039,0,387,-23,0,0,0.007002592086791992,move
2026-02-25 00:56:34.415039,0,341,-17,0,0,0.006999969482421875,move
2026-02-25 00:56:34.421736,0,306,-15,0,0,0.006697654724121094,move
2026-02-25 00:56:34.428360,0,279,-10,0,0,0.006623744964599609,move
2026-02-25 00:56:34.435360,0,264,-4,0,0,0.0070002079010009766,move
2026-02-25 00:56:34.442360,0,251,-3,0,0,0.006999969482421875,move
2026-02-25 00:56:34.448632,0,243,-3,0,0,0.0062716007232666016,move
2026-02-25 00:56:34.455637,0,238,-1,0,0,0.007004499435424805,move
2026-02-25 00:56:34.462637,0,236,0,0,0,0.007000446319580078,move
2026-02-25 00:56:34.468638,0,235,0,0,0,0.0060007572174072266,move
2026-02-25 00:56:34.737603,0,232,0,0,0,0.2689652442932129,move
2026-02-25 00:56:34.744599,0,230,0,0,0,0.0069959163665771484,move
2026-02-25 00:56:34.751081,0,230,0,0,0,0.006482362747192383,click
2026-02-25 00:56:35.168940,0,249,33,0,0,0.4178590774536133,move
2026-02-25 00:56:35.175940,0,271,83,0,0,0.0069997310638427734,move
2026-02-25 00:56:35.182995,0,304,152,0,0,0.0070552825927734375,move
2026-02-25 00:56:35.189940,0,345,236,0,0,0.006944894790649414,move
2026-02-25 00:56:35.196942,0,382,323,0,0,0.007001399993896484,move
2026-02-25 00:56:35.203016,0,430,418,0,0,0.006073951721191406,move
2026-02-25 00:56:35.210022,0,477,509,0,0,0.007006406784057617,move
2026-02-25 00:56:35.217021,0,523,583,0,0,0.006998777389526367,move
2026-02-25 00:56:35.224216,0,556,656,0,0,0.007195234298706055,move
2026-02-25 00:56:35.230697,0,587,711,0,0,0.00648045539855957,move
2026-02-25 00:56:35.237695,0,611,748,0,0,0.006998777389526367,move
2026-02-25 00:56:35.244716,0,630,777,0,0,0.007020711898803711,move
2026-02-25 00:56:35.251717,0,644,806,0,0,0.007001161575317383,move
2026-02-25 00:56:35.257701,0,654,827,0,0,0.005983829498291016,move
2026-02-25 00:56:35.264215,0,657,835,0,0,0.0065135955810546875,move
2026-02-25 00:56:35.498697,0,671,847,0,0,0.2344822883605957,move
2026-02-25 00:56:35.505702,0,685,856,0,0,0.007005453109741211,move
2026-02-25 00:56:35.512703,0,703,870,0,0,0.007000446319580078,move
2026-02-25 00:56:35.519212,0,717,879,0,0,0.006509065628051758,move
2026-02-25 00:56:35.526213,0,732,888,0,0,0.007000923156738281,move
2026-02-25 00:56:35.533213,0,744,898,0,0,0.0070002079010009766,move
2026-02-25 00:56:35.540213,0,757,906,0,0,0.006999969482421875,move
2026-02-25 00:56:35.547214,0,768,915,0,0,0.007000923156738281,move
2026-02-25 00:56:35.554212,0,774,920,0,0,0.0069980621337890625,move
2026-02-25 00:56:35.561218,0,784,927,0,0,0.007006406784057617,move
2026-02-25 00:56:35.567218,0,791,932,0,0,0.00599980354309082,move
2026-02-25 00:56:35.574525,0,796,935,0,0,0.0073070526123046875,move
2026-02-25 00:56:35.581541,0,800,937,0,0,0.007016181945800781,move
2026-02-25 00:56:35.588540,0,806,939,0,0,0.006998538970947266,move
2026-02-25 00:56:35.594540,0,809,940,0,0,0.006000518798828125,move
2026-02-25 00:56:35.601540,0,812,940,0,0,0.0069997310638427734,move
2026-02-25 00:56:35.608546,0,814,940,0,0,0.0070056915283203125,move
2026-02-25 00:56:35.615547,0,817,940,0,0,0.007001161575317383,move
2026-02-25 00:56:35.623059,0,820,940,0,0,0.007512331008911133,move
2026-02-25 00:56:35.637058,0,821,940,0,0,0.013998270034790039,move
2026-02-25 00:56:35.650058,0,821,940,0,0,0.013000249862670898,move
2026-02-25 00:56:35.656057,0,823,940,0,0,0.005999326705932617,move
2026-02-25 00:56:35.677058,0,825,940,0,0,0.02100062370300293,move
2026-02-25 00:56:35.698061,0,826,940,0,0,0.021003007888793945,move
2026-02-25 00:56:35.725584,0,826,940,0,0,0.027522563934326172,move
2026-02-25 00:56:35.745577,0,827,940,0,0,0.019994258880615234,move
2026-02-25 00:56:35.759586,0,828,940,0,0,0.014008045196533203,move
2026-02-25 00:56:35.773096,0,829,940,0,0,0.013510465621948242,move
2026-02-25 00:56:35.786097,0,830,940,0,0,0.013000965118408203,move
2026-02-25 00:56:35.814101,0,830,940,0,0,0.028003692626953125,move
2026-02-25 00:56:35.841212,0,831,940,0,0,0.027111530303955078,move
2026-02-25 00:56:35.848217,0,832,940,0,0,0.007004737854003906,move
2026-02-25 00:56:35.855208,0,833,940,0,0,0.006991386413574219,move
2026-02-25 00:56:35.861208,0,835,941,0,0,0.00599980354309082,move
2026-02-25 00:56:35.869209,0,837,942,0,0,0.008000612258911133,move
2026-02-25 00:56:35.876209,0,843,945,0,0,0.006999969482421875,move
2026-02-25 00:56:35.882208,0,848,950,0,0,0.005999565124511719,move
2026-02-25 00:56:35.889207,0,855,955,0,0,0.006999015808105469,move
2026-02-25 00:56:35.896210,0,860,960,0,0,0.007002353668212891,move
2026-02-25 00:56:35.903211,0,863,965,0,0,0.007001638412475586,move
2026-02-25 00:56:35.910216,0,870,970,0,0,0.007004499435424805,move
2026-02-25 00:56:35.917215,0,874,975,0,0,0.006999492645263672,move
2026-02-25 00:56:35.923379,0,876,980,0,0,0.006163358688354492,move
2026-02-25 00:56:35.930379,0,878,982,0,0,0.007000446319580078,move
2026-02-25 00:56:35.936890,0,879,984,0,0,0.006511211395263672,move
2026-02-25 00:56:35.944474,0,881,985,0,0,0.0075838565826416016,move
2026-02-25 00:56:35.951475,0,881,986,0,0,0.00700068473815918,move
2026-02-25 00:56:35.957475,0,881,987,0,0,0.006000041961669922,move
2026-02-25 00:56:35.964475,0,882,987,0,0,0.006999492645263672,move
2026-02-25 00:56:35.971480,0,882,988,0,0,0.0070056915283203125,move
2026-02-25 00:56:36.459738,0.10424375534057617,882,988,0,0,0.48825764656066895,key
2026-02-25 00:56:36.522995,0.4080796241760254,882,988,0,0,0.06325745582580566,key
2026-02-25 00:56:36.882722,0.057675838470458984,882,988,0,0,0.3597266674041748,key
2026-02-25 00:56:37.224936,0.09780287742614746,882,988,0,0,0.34221386909484863,key
2026-02-25 00:56:37.357493,0.37676072120666504,882,988,0,0,0.13255691528320312,key
2026-02-25 00:56:38.605646,0.10103416442871094,882,988,0,0,1.2481536865234375,key
2026-02-25 00:56:42.114341,0.1313948631286621,882,988,0,0,3.508695125579834,key
2026-02-25 00:56:42.176929,0.07777619361877441,882,988,0,0,0.06258702278137207,key
2026-02-25 00:56:42.320534,0.08331465721130371,882,988,0,0,0.14360523223876953,key
2026-02-25 00:56:42.443432,0.13090062141418457,882,988,0,0,0.12289881706237793,key
2026-02-25 00:56:42.520955,0.10854697227478027,882,988,0,0,0.07752275466918945,key
2026-02-25 00:56:42.605149,0.07844901084899902,882,988,0,0,0.08419394493103027,key
2026-02-25 00:56:42.762775,0.1304616928100586,882,988,0,0,0.15762543678283691,key
2026-02-25 00:56:42.815041,0.0976865291595459,882,988,0,0,0.05226588249206543,key
2026-02-25 00:56:43.339647,0.07639217376708984,882,988,0,0,0.5246067047119141,key
2026-02-25 00:56:43.510847,0.07932376861572266,882,988,0,0,0.17119979858398438,key
2026-02-25 00:56:43.594080,0.1049349308013916,882,988,0,0,0.08323311805725098,key
2026-02-25 00:56:43.683617,0.08277153968811035,882,988,0,0,0.08953714370727539,key
2026-02-25 00:56:43.800826,0.08846545219421387,882,988,0,0,0.11720824241638184,key
2026-02-25 00:56:43.870070,0.08730673789978027,882,988,0,0,0.0692441463470459,key
2026-02-25 00:56:44.023289,0.09599041938781738,882,988,0,0,0.15321969985961914,key
2026-02-25 00:56:44.493051,0.10664868354797363,882,988,0,0,0.4697611331939697,key
2026-02-25 00:56:44.566831,0.08151888847351074,882,988,0,0,0.07378005981445312,key
2026-02-25 00:56:44.714414,0.06558585166931152,882,988,0,0,0.1475832462310791,key
2026-02-25 00:56:53.220873,0,882,985,0,0,8.506458520889282,move
2026-02-25 00:56:53.226870,0,882,982,0,0,0.005997419357299805,move
2026-02-25 00:56:53.233876,0,882,978,0,0,0.007006168365478516,move
2026-02-25 00:56:53.241063,0,881,976,0,0,0.0071871280670166016,move
2026-02-25 00:56:58.143150,0,853,951,0,0,4.902087211608887,move
2026-02-25 00:56:58.149289,0,813,914,0,0,0.006139278411865234,move
2026-02-25 00:56:58.155682,0,771,879,0,0,0.006392240524291992,move
2026-02-25 00:56:58.162935,0,736,849,0,0,0.007253170013427734,move
2026-02-25 00:56:58.170490,0,698,820,0,0,0.007555246353149414,move
2026-02-25 00:56:58.176672,0,673,796,0,0,0.006181478500366211,move
2026-02-25 00:56:58.184155,0,650,778,0,0,0.007483482360839844,move
2026-02-25 00:56:58.190703,0,638,768,0,0,0.006547689437866211,move
2026-02-25 00:56:58.198088,0,624,757,0,0,0.00738525390625,move
2026-02-25 00:56:58.204434,0,616,750,0,0,0.006345510482788086,move
2026-02-25 00:56:58.211552,0,609,746,0,0,0.0071184635162353516,move
2026-02-25 00:56:58.218045,0,606,743,0,0,0.006493330001831055,move
2026-02-25 00:56:58.225261,0,600,740,0,0,0.007215023040771484,move
2026-02-25 00:56:58.231418,0,597,738,0,0,0.006157398223876953,move
2026-02-25 00:56:58.238926,0,595,735,0,0,0.007508039474487305,move
2026-02-25 00:56:58.252406,0,594,735,0,0,0.013479948043823242,move
2026-02-25 00:56:58.258618,0,594,734,0,0,0.0062122344970703125,move
2026-02-25 00:56:58.266437,0,593,734,0,0,0.007819175720214844,move
2026-02-25 00:56:58.279196,0,592,734,0,0,0.012758970260620117,move
2026-02-25 00:56:58.299781,0,591,734,0,0,0.020585060119628906,move
2026-02-25 00:56:58.334747,0,591,734,0,0,0.03496527671813965,move
2026-02-25 00:56:58.347762,0,591,733,0,0,0.013015031814575195,move
2026-02-25 00:56:58.355313,0,591,732,0,0,0.0075511932373046875,move
2026-02-25 00:56:58.361437,0,591,730,0,0,0.006123542785644531,move
2026-02-25 00:56:58.368216,0,591,729,0,0,0.006779670715332031,move
2026-02-25 00:56:58.375400,0,591,726,0,0,0.007184267044067383,move
2026-02-25 00:56:58.382465,0,593,720,0,0,0.0070650577545166016,move
2026-02-25 00:56:58.389466,0,595,714,0,0,0.0070002079010009766,move
2026-02-25 00:56:58.395956,0,598,709,0,0,0.006490468978881836,move
2026-02-25 00:56:58.402988,0,604,702,0,0,0.0070323944091796875,move
2026-02-25 00:56:58.409466,0,610,696,0,0,0.0064771175384521484,move
2026-02-25 00:56:58.416552,0,615,689,0,0,0.007086753845214844,move
2026-02-25 00:56:58.423739,0,620,683,0,0,0.0071866512298583984,move
2026-02-25 00:56:58.430242,0,629,674,0,0,0.006503105163574219,move
2026-02-25 00:56:58.436660,0,637,667,0,0,0.006417512893676758,move
2026-02-25 00:56:58.444007,0,646,660,0,0,0.007347583770751953,move
2026-02-25 00:56:58.450486,0,654,654,0,0,0.006478548049926758,move
2026-02-25 00:56:58.457764,0,662,650,0,0,0.0072784423828125,move
2026-02-25 00:56:58.463951,0,670,648,0,0,0.0061872005462646484,move
2026-02-25 00:56:58.471149,0,676,645,0,0,0.007197380065917969,move
2026-02-25 00:56:58.478255,0,680,644,0,0,0.007106304168701172,move
2026-02-25 00:56:58.485254,0,685,643,0,0,0.006999492645263672,move
2026-02-25 00:56:58.492187,0,688,642,0,0,0.006932497024536133,move
2026-02-25 00:56:58.498669,0,692,641,0,0,0.00648188591003418,move
2026-02-25 00:56:58.505665,0,696,641,0,0,0.0069959163665771484,move
2026-02-25 00:56:58.512665,0,699,640,0,0,0.0069997310638427734,move
2026-02-25 00:56:58.518967,0,704,640,0,0,0.006302833557128906,move
2026-02-25 00:56:58.525967,0,707,640,0,0,0.0069997310638427734,move
2026-02-25 00:56:58.533046,0,710,640,0,0,0.007078409194946289,move
2026-02-25 00:56:58.540044,0,712,640,0,0,0.0069980621337890625,move
2026-02-25 00:56:58.546473,0,715,640,0,0,0.006429195404052734,move
2026-02-25 00:56:58.553480,0,718,640,0,0,0.00700688362121582,move
2026-02-25 00:56:58.560681,0,722,640,0,0,0.007200956344604492,move
2026-02-25 00:56:58.567182,0,726,641,0,0,0.006501436233520508,move
2026-02-25 00:56:58.573686,0,729,642,0,0,0.006503582000732422,move
2026-02-25 00:56:58.580194,0,732,643,0,0,0.0065081119537353516,move
2026-02-25 00:56:58.587193,0,735,644,0,0,0.00699925422668457,move
2026-02-25 00:56:58.594193,0,738,645,0,0,0.006999969482421875,move
2026-02-25 00:56:58.601195,0,741,646,0,0,0.007002353668212891,move
2026-02-25 00:56:58.608196,0,746,647,0,0,0.0070002079010009766,move
2026-02-25 00:56:58.615018,0,749,648,0,0,0.006821870803833008,move
2026-02-25 00:56:58.621251,0,752,649,0,0,0.006233692169189453,move
2026-02-25 00:56:58.629206,0,755,649,0,0,0.007955312728881836,move
2026-02-25 00:56:58.635202,0,757,650,0,0,0.005995512008666992,move
2026-02-25 00:56:58.642578,0,759,650,0,0,0.007376194000244141,move
2026-02-25 00:56:58.649684,0,762,650,0,0,0.007105588912963867,move
2026-02-25 00:56:58.656063,0,764,651,0,0,0.006379842758178711,move
2026-02-25 00:56:58.663068,0,767,651,0,0,0.007004737854003906,move
2026-02-25 00:56:58.670203,0,770,651,0,0,0.007134675979614258,move
2026-02-25 00:56:58.677210,0,773,651,0,0,0.0070073604583740234,move
2026-02-25 00:56:58.683209,0,775,651,0,0,0.0059986114501953125,move
2026-02-25 00:56:58.690420,0,778,651,0,0,0.007210493087768555,move
2026-02-25 00:56:58.697419,0,782,651,0,0,0.006999969482421875,move
2026-02-25 00:56:58.703579,0,784,651,0,0,0.006159305572509766,move
2026-02-25 00:56:58.710907,0,785,651,0,0,0.007328033447265625,move
2026-02-25 00:56:58.718181,0,787,651,0,0,0.0072743892669677734,move
2026-02-25 00:56:58.724536,0,789,651,0,0,0.0063550472259521484,move
2026-02-25 00:56:58.731787,0,791,651,0,0,0.007250308990478516,move
2026-02-25 00:56:58.738159,0,792,651,0,0,0.006372928619384766,move
2026-02-25 00:56:58.745671,0,794,651,0,0,0.007511615753173828,move
2026-02-25 00:56:58.751578,0,795,651,0,0,0.005907297134399414,move
2026-02-25 00:56:58.759042,0,797,651,0,0,0.007463932037353516,move
2026-02-25 00:56:58.765549,0,800,650,0,0,0.006506681442260742,move
2026-02-25 00:56:58.771868,0,801,650,0,0,0.006319284439086914,move
2026-02-25 00:57:08.738829,0,808,656,0,0,9.966961145401001,move
2026-02-25 00:57:08.745828,0,816,666,0,0,0.006998538970947266,move
2026-02-25 00:57:08.751827,0,823,676,0,0,0.005999326705932617,move
2026-02-25 00:57:08.758834,0,828,680,0,0,0.007006406784057617,move
2026-02-25 00:57:08.765832,0,833,686,0,0,0.006998777389526367,move
2026-02-25 00:57:08.772342,0,840,695,0,0,0.006509065628051758,move
2026-02-25 00:57:08.779348,0,845,703,0,0,0.007006406784057617,move
2026-02-25 00:57:08.786858,0,856,712,0,0,0.007510185241699219,move
2026-02-25 00:57:08.792858,0,864,722,0,0,0.005999565124511719,move
2026-02-25 00:57:08.799858,0,875,732,0,0,0.007000923156738281,move
2026-02-25 00:57:08.806858,0,887,743,0,0,0.006999492645263672,move
2026-02-25 00:57:08.813858,0,897,752,0,0,0.0069997310638427734,move
2026-02-25 00:57:08.821861,0,907,762,0,0,0.008002758026123047,move
2026-02-25 00:57:08.828858,0,921,773,0,0,0.006997585296630859,move
2026-02-25 00:57:08.835858,0,931,781,0,0,0.007000446319580078,move
2026-02-25 00:57:08.842865,0,940,789,0,0,0.00700688362121582,move
2026-02-25 00:57:08.848858,0,950,797,0,0,0.005992412567138672,move
2026-02-25 00:57:08.855859,0,957,803,0,0,0.007001161575317383,move
2026-02-25 00:57:08.862863,0,961,806,0,0,0.007004261016845703,move
2026-02-25 00:57:08.869864,0,966,810,0,0,0.007000923156738281,move
2026-02-25 00:57:08.876369,0,968,812,0,0,0.006505250930786133,move
2026-02-25 00:57:08.883370,0,970,813,0,0,0.007001161575317383,move
2026-02-25 00:57:08.890379,0,971,816,0,0,0.0070078372955322266,move
2026-02-25 00:57:08.897371,0,972,816,0,0,0.006992340087890625,move
2026-02-25 00:57:08.904370,0,972,816,0,0,0.006998538970947266,move
2026-02-25 00:57:08.911369,0,973,816,0,0,0.006999969482421875,move
2026-02-25 00:57:08.924370,0,973,817,0,0,0.013000726699829102,move
2026-02-25 00:57:09.006886,0,973,817,0,0,0.08251595497131348,move
2026-02-25 00:57:09.013885,0,974,817,0,0,0.006999015808105469,move
2026-02-25 00:57:09.020885,0,975,817,0,0,0.0070002079010009766,move
2026-02-25 00:57:09.026885,0,976,817,0,0,0.0060002803802490234,move
2026-02-25 00:57:09.033885,0,977,817,0,0,0.006999015808105469,move
2026-02-25 00:57:09.040885,0,980,817,0,0,0.0070002079010009766,move
2026-02-25 00:57:09.047886,0,984,817,0,0,0.007001161575317383,move
2026-02-25 00:57:09.054885,0,993,819,0,0,0.006999015808105469,move
2026-02-25 00:57:09.061891,0,999,819,0,0,0.007006168365478516,move
2026-02-25 00:57:09.068889,0,1004,819,0,0,0.0069980621337890625,move
2026-02-25 00:57:09.075399,0,1014,820,0,0,0.0065097808837890625,move
2026-02-25 00:57:09.082399,0,1020,820,0,0,0.0069997310638427734,move
2026-02-25 00:57:09.089399,0,1027,820,0,0,0.0070002079010009766,move
2026-02-25 00:57:09.095399,0,1033,820,0,0,0.005999565124511719,move
2026-02-25 00:57:09.102398,0,1038,820,0,0,0.0069997310638427734,move
2026-02-25 00:57:09.109398,0,1042,820,0,0,0.0070002079010009766,move
2026-02-25 00:57:09.116400,0,1045,820,0,0,0.007001399993896484,move
2026-02-25 00:57:09.123399,0,1047,820,0,0,0.00699925422668457,move
2026-02-25 00:57:09.130399,0,1049,820,0,0,0.006999492645263672,move
2026-02-25 00:57:09.136399,0,1050,820,0,0,0.006000041961669922,move
2026-02-25 00:57:09.143399,0,1051,819,0,0,0.007000446319580078,move
2026-02-25 00:57:26.002856,0,1054,828,0,0,16.85945725440979,move
2026-02-25 00:57:26.008847,0,1060,842,0,0,0.005991220474243164,move
2026-02-25 00:57:26.015846,0,1069,857,0,0,0.006998777389526367,move
2026-02-25 00:57:26.023282,0,1078,871,0,0,0.007435798645019531,move
2026-02-25 00:57:26.030085,0,1086,883,0,0,0.006802558898925781,move
2026-02-25 00:57:26.036756,0,1093,893,0,0,0.0066716670989990234,move
2026-02-25 00:57:26.043307,0,1100,901,0,0,0.006550312042236328,move
2026-02-25 00:57:26.049707,0,1107,910,0,0,0.006399869918823242,move
2026-02-25 00:57:26.056947,0,1112,913,0,0,0.007240772247314453,move
2026-02-25 00:57:26.063971,0,1114,916,0,0,0.007023334503173828,move
2026-02-25 00:57:26.070974,0,1116,917,0,0,0.007003068923950195,move
2026-02-25 00:57:26.077993,0,1116,918,0,0,0.0070188045501708984,move
2026-02-25 00:57:26.084671,0,1118,918,0,0,0.006678581237792969,move
2026-02-25 00:57:26.091936,0,1118,919,0,0,0.0072650909423828125,move
2026-02-25 00:57:26.098623,0,1119,919,0,0,0.0066869258880615234,move
2026-02-25 00:57:26.153312,0,1119,919,0,0,0.05468869209289551,move
2026-02-25 00:57:26.160312,0,1120,919,0,0,0.0070002079010009766,move
2026-02-25 00:57:26.173883,0,1120,917,0,0,0.013570547103881836,move
2026-02-25 00:57:26.179884,0,1123,914,0,0,0.00600123405456543,move
2026-02-25 00:57:26.187356,0,1123,912,0,0,0.00747227668762207,move
2026-02-25 00:57:26.194360,0,1125,910,0,0,0.0070040225982666016,move
2026-02-25 00:57:26.200930,0,1126,910,0,0,0.006570339202880859,move
2026-02-25 00:57:26.207885,0,1127,908,0,0,0.00695490837097168,move
2026-02-25 00:57:26.214789,0,1127,906,0,0,0.006903648376464844,move
2026-02-25 00:57:26.221793,0,1127,905,0,0,0.0070035457611083984,move
2026-02-25 00:57:26.228794,0,1128,905,0,0,0.007001161575317383,move
2026-02-25 00:57:26.235400,0,1128,905,0,0,0.006605863571166992,move
2026-02-25 00:57:26.241847,0,1129,905,0,0,0.006447315216064453,move
2026-02-25 00:57:26.248865,0,1129,904,0,0,0.007018089294433594,move
2026-02-25 00:57:26.372494,0,1129,904,0,0,0.12362861633300781,move
2026-02-25 00:57:26.386151,0,1129,904,0,0,0.013657808303833008,click
2026-02-25 00:57:27.043616,0,1132,912,0,0,0.6574649810791016,move
2026-02-25 00:57:27.050623,0,1136,924,0,0,0.00700688362121582,move
2026-02-25 00:57:27.057622,0,1139,937,0,0,0.006998777389526367,move
2026-02-25 00:57:27.064113,0,1141,940,0,0,0.006491184234619141,move
2026-02-25 00:57:27.071117,0,1143,949,0,0,0.007004261016845703,move
2026-02-25 00:57:27.077685,0,1145,958,0,0,0.006567716598510742,move
2026-02-25 00:57:27.084693,0,1149,968,0,0,0.007007598876953125,move
2026-02-25 00:57:27.091690,0,1152,978,0,0,0.006997346878051758,move
2026-02-25 00:57:27.098202,0,1158,990,0,0,0.006512165069580078,move
2026-02-25 00:57:27.105209,0,1161,999,0,0,0.007007122039794922,move
2026-02-25 00:57:27.112204,0,1163,1005,0,0,0.0069942474365234375,move
2026-02-25 00:57:27.118779,0,1166,1013,0,0,0.006575345993041992,move
2026-02-25 00:57:27.126238,0,1168,1016,0,0,0.007459402084350586,move
2026-02-25 00:57:27.132480,0,1169,1020,0,0,0.006242036819458008,move
2026-02-25 00:57:27.139486,0,1169,1021,0,0,0.007005453109741211,move
2026-02-25 00:57:27.146485,0,1170,1023,0,0,0.00699925422668457,move
2026-02-25 00:57:27.153504,0,1170,1024,0,0,0.0070192813873291016,move
2026-02-25 00:57:27.160254,0,1170,1025,0,0,0.006749391555786133,move
2026-02-25 00:57:27.167134,0,1171,1025,0,0,0.006880521774291992,move
2026-02-25 00:57:27.174134,0,1171,1025,0,0,0.0069997310638427734,move
2026-02-25 00:57:27.186967,0,1171,1026,0,0,0.012833356857299805,move
2026-02-25 00:57:27.700534,0,1171,1026,0,0,0.5135664939880371,click
2026-02-25 00:57:28.606601,0.0020143985748291016,1171,1026,0,0,0.9060671329498291,key
2026-02-25 00:57:28.694645,0.08702540397644043,1171,1026,0,0,0.0880436897277832,key
2026-02-25 00:57:28.798118,0.10749244689941406,1171,1026,0,0,0.10347366333007812,key
2026-02-25 00:57:29.808989,0.08421206474304199,1171,1026,0,0,1.0108706951141357,key
2026-02-25 00:57:30.210991,0.09251570701599121,1171,1026,0,0,0.40200209617614746,key
2026-02-25 00:57:30.342938,0.09752154350280762,1171,1026,0,0,0.13194656372070312,key
2026-02-25 00:57:30.395009,0.07324743270874023,1171,1026,0,0,0.05207085609436035,key
2026-02-25 00:57:30.534678,0.08798003196716309,1171,1026,0,0,0.13966965675354004,key
2026-02-25 00:57:30.608731,0.10620641708374023,1171,1026,0,0,0.07405233383178711,key
2026-02-25 00:57:30.657367,0.07873320579528809,1171,1026,0,0,0.04863619804382324,key
2026-02-25 00:57:30.928698,0.056975364685058594,1171,1026,0,0,0.2713310718536377,key
2026-02-25 00:57:31.006609,0.11396479606628418,1171,1026,0,0,0.0779106616973877,key
2026-02-25 00:57:31.225023,0.12433862686157227,1171,1026,0,0,0.2184140682220459,key
2026-02-25 00:57:31.445108,0.14953207969665527,1171,1026,0,0,0.22008538246154785,key
2026-02-25 00:57:31.542950,0.07497215270996094,1171,1026,0,0,0.09784173965454102,key
2026-02-25 00:57:31.702490,0.1323986053466797,1171,1026,0,0,0.15953993797302246,key
2026-02-25 00:57:31.730229,0.08816647529602051,1171,1026,0,0,0.02773880958557129,key
2026-02-25 00:57:31.820684,0.10401082038879395,1171,1026,0,0,0.09045529365539551,key
2026-02-25 00:57:31.965225,0.09218168258666992,1171,1026,0,0,0.14454126358032227,key
2026-02-25 00:57:32.076621,0.0836787223815918,1171,1026,0,0,0.11139631271362305,key
2026-02-25 00:57:32.200684,0.13756322860717773,1171,1026,0,0,0.12406301498413086,key
2026-02-25 00:57:32.205799,0.0773305892944336,1171,1026,0,0,0.005115032196044922,key
2026-02-25 00:57:33.420176,0.10101962089538574,1171,1026,0,0,1.2143762111663818,key
2026-02-25 00:57:33.532711,0.1060938835144043,1171,1026,0,0,0.11253595352172852,key
2026-02-25 00:57:33.698349,0.12313413619995117,1171,1026,0,0,0.16563725471496582,key
2026-02-25 00:57:33.827333,0.14469456672668457,1171,1026,0,0,0.1289839744567871,key
2026-02-25 00:57:34.010049,0.06336498260498047,1171,1026,0,0,0.18271613121032715,key
2026-02-25 00:57:34.382343,0.1771836280822754,1171,1026,0,0,0.37229371070861816,key
2026-02-25 00:57:34.431032,0.13494014739990234,1171,1026,0,0,0.04868960380554199,key
2026-02-25 00:57:34.479095,0.09475064277648926,1171,1026,0,0,0.04806256294250488,key
2026-02-25 00:57:34.642000,0.08688616752624512,1171,1026,0,0,0.16290521621704102,key
2026-02-25 00:57:34.774760,0.1143186092376709,1171,1026,0,0,0.13275980949401855,key
2026-02-25 00:57:34.823027,0.0842280387878418,1171,1026,0,0,0.048267364501953125,key
2026-02-25 00:57:35.279663,0.10304832458496094,1171,1026,0,0,0.4566361904144287,key
2026-02-25 00:57:35.369338,0.07205557823181152,1171,1026,0,0,0.08967423439025879,key
2026-02-25 00:57:35.518717,0.10762500762939453,1171,1026,0,0,0.14937996864318848,key
2026-02-25 00:57:35.672947,0.13271784782409668,1171,1026,0,0,0.15422916412353516,key
2026-02-25 00:57:35.704701,0.06613373756408691,1171,1026,0,0,0.0317537784576416,key
2026-02-25 00:57:35.870628,0.11632847785949707,1171,1026,0,0,0.16592764854431152,key
2026-02-25 00:57:35.935796,0.07634973526000977,1171,1026,0,0,0.06516814231872559,key
2026-02-25 00:57:36.089147,0.060672760009765625,1171,1026,0,0,0.1533505916595459,key
2026-02-25 00:57:36.166732,0.03612971305847168,1171,1026,0,0,0.07758545875549316,key
2026-02-25 00:57:36.406276,0.05551290512084961,1171,1026,0,0,0.23954367637634277,key
2026-02-25 00:57:42.800205,0,1171,1015,0,0,6.393928527832031,move
2026-02-25 00:57:42.806817,0,1171,998,0,0,0.006612062454223633,move
2026-02-25 00:57:42.813916,0,1171,984,0,0,0.0070993900299072266,move
2026-02-25 00:57:42.820387,0,1171,969,0,0,0.006470918655395508,move
2026-02-25 00:57:42.827673,0,1172,959,0,0,0.0072863101959228516,move
2026-02-25 00:57:42.834140,0,1172,952,0,0,0.006466388702392578,move
2026-02-25 00:57:42.841189,0,1174,943,0,0,0.007049083709716797,move
2026-02-25 00:57:42.848194,0,1174,940,0,0,0.0070056915283203125,move
2026-02-25 00:57:42.855198,0,1174,937,0,0,0.0070037841796875,move
2026-02-25 00:57:42.861707,0,1174,936,0,0,0.006508588790893555,move
2026-02-25 00:57:42.868708,0,1175,935,0,0,0.007001399993896484,move
2026-02-25 00:57:42.875729,0,1175,934,0,0,0.007020711898803711,move
2026-02-25 00:57:42.929729,0,1175,934,0,0,0.053999900817871094,move
2026-02-25 00:57:42.957733,0,1175,935,0,0,0.028003931045532227,move
2026-02-25 00:57:42.991792,0,1175,936,0,0,0.03405928611755371,move
2026-02-25 00:57:43.005022,0,1175,936,0,0,0.013230562210083008,move
2026-02-25 00:57:43.012728,0,1177,933,0,0,0.007705211639404297,move
2026-02-25 00:57:43.018764,0,1181,925,0,0,0.006035804748535156,move
2026-02-25 00:57:43.026203,0,1184,917,0,0,0.007439613342285156,move
2026-02-25 00:57:43.032792,0,1188,910,0,0,0.00658869743347168,move
2026-02-25 00:57:43.039943,0,1190,902,0,0,0.007151126861572266,move
2026-02-25 00:57:43.045947,0,1196,891,0,0,0.0060040950775146484,move
2026-02-25 00:57:43.053444,0,1199,883,0,0,0.00749659538269043,move
2026-02-25 00:57:43.060144,0,1202,873,0,0,0.006700038909912109,move
2026-02-25 00:57:43.066525,0,1204,864,0,0,0.006381034851074219,move
2026-02-25 00:57:43.074208,0,1209,855,0,0,0.0076830387115478516,move
2026-02-25 00:57:43.080709,0,1211,847,0,0,0.006501436233520508,move
2026-02-25 00:57:43.087864,0,1214,838,0,0,0.007155179977416992,move
2026-02-25 00:57:43.093877,0,1216,832,0,0,0.006012439727783203,move
2026-02-25 00:57:43.101882,0,1219,824,0,0,0.008004903793334961,move
2026-02-25 00:57:43.108216,0,1220,818,0,0,0.0063343048095703125,move
2026-02-25 00:57:43.115302,0,1225,806,0,0,0.007086277008056641,move
2026-02-25 00:57:43.121996,0,1227,800,0,0,0.006693124771118164,move
2026-02-25 00:57:43.129126,0,1228,792,0,0,0.007130622863769531,move
2026-02-25 00:57:43.139196,0,1233,782,0,0,0.010069608688354492,move
2026-02-25 00:57:43.142729,0,1237,773,0,0,0.003533601760864258,move
2026-02-25 00:57:43.149779,0,1239,765,0,0,0.007050037384033203,move
2026-02-25 00:57:43.156289,0,1244,755,0,0,0.006509304046630859,move
2026-02-25 00:57:43.163071,0,1248,747,0,0,0.006781816482543945,move
2026-02-25 00:57:43.170078,0,1254,740,0,0,0.0070073604583740234,move
2026-02-25 00:57:43.177072,0,1260,732,0,0,0.0069942474365234375,move
2026-02-25 00:57:43.183543,0,1263,729,0,0,0.006470680236816406,move
2026-02-25 00:57:43.189732,0,1266,726,0,0,0.006189584732055664,move
2026-02-25 00:58:12.424694,0.040322303771972656,1266,726,0,0,29.23496174812317,key
2026-02-25 00:58:12.468459,0.0803680419921875,1266,726,0,0,0.04376482963562012,key
2026-02-25 00:58:12.582106,0.10186910629272461,1266,726,0,0,0.1136467456817627,key
2026-02-25 00:58:12.692808,0.06262683868408203,1266,726,0,0,0.1107022762298584,key
2026-02-25 00:58:12.869100,0.0781252384185791,1266,726,0,0,0.17629241943359375,key
2026-02-25 00:58:12.959047,0.11851072311401367,1266,726,0,0,0.08994626998901367,key
2026-02-25 00:58:13.040536,0.10682225227355957,1266,726,0,0,0.08148956298828125,key
2026-02-25 00:58:13.501174,0.07825922966003418,1266,726,0,0,0.46063756942749023,key
2026-02-25 00:58:13.670565,0.09184432029724121,1266,726,0,0,0.16939163208007812,key
2026-02-25 00:58:13.916467,0.10936832427978516,1266,726,0,0,0.24590182304382324,key
2026-02-25 00:58:14.291229,0.07495594024658203,1266,726,0,0,0.37476158142089844,key
2026-02-25 00:58:14.730529,0.1056525707244873,1266,726,0,0,0.439300537109375,key
2026-02-25 00:58:14.814756,0.06317520141601562,1266,726,0,0,0.08422636985778809,key
2026-02-25 00:58:14.904763,0.061568260192871094,1266,726,0,0,0.09000682830810547,key
2026-02-25 00:58:15.060567,0.049492835998535156,1266,726,0,0,0.15580487251281738,key
2026-02-25 00:58:15.398722,0.0837399959564209,1266,726,0,0,0.33815455436706543,key
2026-02-25 00:58:15.518571,0.0930016040802002,1266,726,0,0,0.11984920501708984,key
2026-02-25 00:58:15.618583,0.0691382884979248,1266,726,0,0,0.10001230239868164,key
2026-02-25 00:58:15.790728,0.06655049324035645,1266,726,0,0,0.17214441299438477,key
2026-02-25 00:58:15.904755,0.1129150390625,1266,726,0,0,0.11402678489685059,key
2026-02-25 00:58:16.000342,0.11666083335876465,1266,726,0,0,0.09558773040771484,key
2026-02-25 00:58:16.138863,0.10465097427368164,1266,726,0,0,0.1385204792022705,key
2026-02-25 00:58:16.186506,0.06766390800476074,1266,726,0,0,0.04764366149902344,key
2026-02-25 00:58:16.390814,0.11503767967224121,1266,726,0,0,0.20430779457092285,key
2026-02-25 00:58:16.462828,0.08142781257629395,1266,726,0,0,0.07201385498046875,key
2026-02-25 00:58:16.655770,0.0752103328704834,1266,726,0,0,0.19294214248657227,key
2026-02-25 00:58:16.758969,0.11443758010864258,1266,726,0,0,0.10319876670837402,key
2026-02-25 00:58:16.825903,0.09151697158813477,1266,726,0,0,0.06693410873413086,key
2026-02-25 00:58:17.081199,0.07266354560852051,1266,726,0,0,0.2552957534790039,key
2026-02-25 00:58:17.196855,0.11464595794677734,1266,726,0,0,0.11565637588500977,key
2026-02-25 00:58:17.255028,0.0863044261932373,1266,726,0,0,0.05817294120788574,key
2026-02-25 00:58:17.383147,0.11387085914611816,1266,726,0,0,0.12811875343322754,key
2026-02-25 00:58:17.462765,0.07423639297485352,1266,726,0,0,0.07961797714233398,key
2026-02-25 00:58:17.566762,0.12756085395812988,1266,726,0,0,0.10399699211120605,key
2026-02-25 00:58:17.592794,0.07019257545471191,1266,726,0,0,0.026031970977783203,key
2026-02-25 00:58:17.819038,0.11266040802001953,1266,726,0,0,0.2262437343597412,key
2026-02-25 00:58:17.959753,0.122406005859375,1266,726,0,0,0.1407158374786377,key
2026-02-25 00:58:18.151183,0.14936351776123047,1266,726,0,0,0.19142937660217285,key
2026-02-25 00:58:18.232172,0.12732934951782227,1266,726,0,0,0.08098936080932617,key
2026-02-25 00:58:18.418588,0.04959559440612793,1266,726,0,0,0.1864159107208252,key
2026-02-25 00:58:18.654749,0.12239193916320801,1266,726,0,0,0.2361605167388916,key
2026-02-25 00:58:18.691343,0.11114716529846191,1266,726,0,0,0.036594390869140625,key
2026-02-25 00:58:18.768448,0.10224056243896484,1266,726,0,0,0.07710552215576172,key
2026-02-25 00:58:18.942852,0.07816267013549805,1266,726,0,0,0.17440342903137207,key
2026-02-25 00:58:18.998503,0.08098936080932617,1266,726,0,0,0.055650949478149414,key
2026-02-25 00:58:19.321745,0.21858954429626465,1266,726,0,0,0.3232424259185791,key
2026-02-25 00:58:19.507217,0.06148838996887207,1266,726,0,0,0.1854720115661621,key
2026-02-25 00:58:19.793098,0.18056917190551758,1266,726,0,0,0.28588008880615234,key
2026-02-25 00:58:20.043109,0.09151554107666016,1266,726,0,0,0.2500114440917969,key
2026-02-25 00:58:20.258563,0.08926868438720703,1266,726,0,0,0.2154541015625,key
2026-02-25 00:58:20.332667,0.09193015098571777,1266,726,0,0,0.07410407066345215,key
2026-02-25 00:58:20.403875,0.12937116622924805,1266,726,0,0,0.07120800018310547,key
2026-02-25 00:58:20.587194,0.07657504081726074,1266,726,0,0,0.1833188533782959,key
2026-02-25 00:58:21.131299,0.09457778930664062,1266,726,0,0,0.544105052947998,key
2026-02-25 00:58:22.110734,0.08189535140991211,1266,726,0,0,0.9794352054595947,key
2026-02-25 00:58:22.234589,0.14841246604919434,1266,726,0,0,0.1238546371459961,key
2026-02-25 00:58:22.299276,0.1247413158416748,1266,726,0,0,0.06468749046325684,key
2026-02-25 00:58:22.444123,0.09954333305358887,1266,726,0,0,0.14484620094299316,key
2026-02-25 00:58:22.802464,0.07402205467224121,1266,726,0,0,0.3583414554595947,key
2026-02-25 00:58:22.942702,0.1056668758392334,1266,726,0,0,0.14023780822753906,key
2026-02-25 00:58:23.024437,0.10355758666992188,1266,726,0,0,0.08173513412475586,key
2026-02-25 00:58:23.456275,0.048244476318359375,1266,726,0,0,0.431837797164917,key
2026-02-25 00:58:23.572616,0.08503603935241699,1266,726,0,0,0.11634063720703125,key
2026-02-25 00:58:24.132655,0.3783907890319824,1266,726,0,0,0.560039758682251,key
2026-02-25 00:58:24.323799,0.053513526916503906,1266,726,0,0,0.19114375114440918,key
2026-02-25 00:58:40.636301,0,1266,734,0,0,16.312501907348633,move
2026-02-25 00:58:40.642660,0,1265,745,0,0,0.0063593387603759766,move
2026-02-25 00:58:40.650074,0,1263,760,0,0,0.0074138641357421875,move
2026-02-25 00:58:40.657090,0,1262,771,0,0,0.007016181945800781,move
2026-02-25 00:58:40.663520,0,1260,784,0,0,0.006430149078369141,move
2026-02-25 00:58:40.670856,0,1260,793,0,0,0.0073354244232177734,move
2026-02-25 00:58:40.677317,0,1259,803,0,0,0.006461620330810547,move
2026-02-25 00:58:40.684599,0,1259,814,0,0,0.007281780242919922,move
2026-02-25 00:58:40.691066,0,1258,822,0,0,0.006467103958129883,move
2026-02-25 00:58:40.698067,0,1258,826,0,0,0.0070002079010009766,move
2026-02-25 00:58:40.705067,0,1256,833,0,0,0.00700068473815918,move
2026-02-25 00:58:40.711566,0,1255,837,0,0,0.006499290466308594,move
2026-02-25 00:58:40.718895,0,1254,843,0,0,0.0073282718658447266,move
2026-02-25 00:58:40.725393,0,1253,849,0,0,0.006498098373413086,move
2026-02-25 00:58:40.731906,0,1251,854,0,0,0.0065135955810546875,move
2026-02-25 00:58:40.739087,0,1250,860,0,0,0.007180690765380859,move
2026-02-25 00:58:40.745553,0,1249,863,0,0,0.006465911865234375,move
2026-02-25 00:58:40.752298,0,1248,865,0,0,0.006744861602783203,move
2026-02-25 00:58:40.759660,0,1248,866,0,0,0.00736236572265625,move
2026-02-25 00:58:40.766727,0,1247,867,0,0,0.007066965103149414,move
2026-02-25 00:58:40.773025,0,1247,869,0,0,0.0062978267669677734,move
2026-02-25 00:58:40.780164,0,1246,870,0,0,0.0071392059326171875,move
2026-02-25 00:58:40.800164,0,1244,870,0,0,0.01999974250793457,move
2026-02-25 00:58:40.807164,0,1244,871,0,0,0.006999969482421875,move
2026-02-25 00:58:40.814164,0,1243,873,0,0,0.0069997310638427734,move
2026-02-25 00:58:40.821168,0,1241,875,0,0,0.007004261016845703,move
2026-02-25 00:58:40.828169,0,1240,876,0,0,0.00700068473815918,move
2026-02-25 00:58:40.835111,0,1238,877,0,0,0.006942272186279297,move
2026-02-25 00:58:40.841111,0,1236,879,0,0,0.006000518798828125,move
2026-02-25 00:58:40.848111,0,1234,881,0,0,0.006999969482421875,move
2026-02-25 00:58:40.855110,0,1232,883,0,0,0.006999015808105469,move
2026-02-25 00:58:40.862121,0,1230,885,0,0,0.007010221481323242,move
2026-02-25 00:58:40.869120,0,1228,887,0,0,0.0069997310638427734,move
2026-02-25 00:58:40.876134,0,1228,888,0,0,0.007013559341430664,move
2026-02-25 00:58:40.883134,0,1226,889,0,0,0.006999969482421875,move
2026-02-25 00:58:40.889622,0,1224,891,0,0,0.006488323211669922,move
2026-02-25 00:58:40.896622,0,1223,892,0,0,0.0070002079010009766,move
2026-02-25 00:58:40.903624,0,1221,894,0,0,0.007001638412475586,move
2026-02-25 00:58:40.910622,0,1218,896,0,0,0.006998538970947266,move
2026-02-25 00:58:40.916629,0,1216,897,0,0,0.0060062408447265625,move
2026-02-25 00:58:40.923640,0,1214,899,0,0,0.00701141357421875,move
2026-02-25 00:58:40.930659,0,1212,901,0,0,0.00701904296875,move
2026-02-25 00:58:40.937757,0,1211,902,0,0,0.007097721099853516,move
2026-02-25 00:58:40.944120,0,1209,903,0,0,0.0063631534576416016,move
2026-02-25 00:58:40.952141,0,1206,904,0,0,0.008020639419555664,move
2026-02-25 00:58:40.958129,0,1204,905,0,0,0.005988359451293945,move
2026-02-25 00:58:40.965129,0,1203,906,0,0,0.006999492645263672,move
2026-02-25 00:58:40.972128,0,1202,906,0,0,0.006999969482421875,move
2026-02-25 00:58:40.979139,0,1200,908,0,0,0.007009983062744141,move
2026-02-25 00:58:40.985138,0,1199,908,0,0,0.005999565124511719,move
2026-02-25 00:58:40.992138,0,1197,909,0,0,0.0069997310638427734,move
2026-02-25 00:58:40.999142,0,1195,910,0,0,0.0070040225982666016,move
2026-02-25 00:58:41.006140,0,1194,910,0,0,0.006997585296630859,move
2026-02-25 00:58:41.013143,0,1192,912,0,0,0.007003068923950195,move
2026-02-25 00:58:41.020143,0,1190,913,0,0,0.007000923156738281,move
2026-02-25 00:58:41.026144,0,1187,913,0,0,0.0060002803802490234,move
2026-02-25 00:58:41.033098,0,1187,914,0,0,0.0069539546966552734,move
2026-02-25 00:58:41.040098,0,1186,914,0,0,0.0069997310638427734,move
2026-02-25 00:58:41.047241,0,1185,914,0,0,0.007143735885620117,move
2026-02-25 00:58:41.054247,0,1184,914,0,0,0.0070056915283203125,move
2026-02-25 00:58:41.068243,0,1184,914,0,0,0.013995885848999023,move
2026-02-25 00:58:41.074242,0,1183,914,0,0,0.005998849868774414,move
2026-02-25 00:58:41.088253,0,1182,914,0,0,0.014011383056640625,move
2026-02-25 00:58:41.102262,0,1181,914,0,0,0.014008522033691406,move
2026-02-25 00:58:41.115728,0,1180,914,0,0,0.013466119766235352,move
2026-02-25 00:58:41.128727,0,1180,914,0,0,0.012998819351196289,move
2026-02-25 00:58:41.136243,0,1178,914,0,0,0.007515907287597656,move
2026-02-25 00:58:41.143416,0,1177,914,0,0,0.007173299789428711,move
2026-02-25 00:58:41.149415,0,1176,914,0,0,0.005999565124511719,move
2026-02-25 00:58:41.156428,0,1176,914,0,0,0.007012844085693359,move
2026-02-25 00:58:41.163428,0,1172,914,0,0,0.006999492645263672,move
2026-02-25 00:58:41.170444,0,1170,914,0,0,0.007016658782958984,move
2026-02-25 00:58:41.177441,0,1169,914,0,0,0.0069963932037353516,move
2026-02-25 00:58:41.184451,0,1168,913,0,0,0.007010459899902344,move
2026-02-25 00:58:41.190452,0,1167,913,0,0,0.0060007572174072266,move
2026-02-25 00:58:41.197463,0,1165,913,0,0,0.00701141357421875,move
2026-02-25 00:58:41.210966,0,1164,913,0,0,0.013502836227416992,move
2026-02-25 00:58:41.217974,0,1164,913,0,0,0.0070078372955322266,move
2026-02-25 00:58:41.224980,0,1163,913,0,0,0.007006406784057617,move
2026-02-25 00:58:41.231491,0,1162,913,0,0,0.006510734558105469,move
2026-02-25 00:58:41.245714,0,1161,913,0,0,0.014223337173461914,move
2026-02-25 00:58:41.266714,0,1160,913,0,0,0.020999908447265625,move
2026-02-25 00:58:41.279714,0,1160,913,0,0,0.012999296188354492,move
2026-02-25 00:58:41.300714,0,1158,913,0,0,0.02100062370300293,move
2026-02-25 00:58:41.307714,0,1157,913,0,0,0.006999492645263672,move
2026-02-25 00:58:41.313714,0,1155,913,0,0,0.006000041961669922,move
2026-02-25 00:58:41.321073,0,1153,913,0,0,0.007359743118286133,move
2026-02-25 00:58:41.328078,0,1149,913,0,0,0.007004499435424805,move
2026-02-25 00:58:41.335087,0,1146,914,0,0,0.007008552551269531,move
2026-02-25 00:58:41.341091,0,1143,914,0,0,0.006004810333251953,move
2026-02-25 00:58:41.348092,0,1140,915,0,0,0.007000446319580078,move
2026-02-25 00:58:41.355092,0,1136,915,0,0,0.006999969482421875,move
2026-02-25 00:58:41.362104,0,1134,915,0,0,0.007012128829956055,move
2026-02-25 00:58:41.369103,0,1132,916,0,0,0.00699925422668457,move
2026-02-25 00:58:41.376120,0,1131,916,0,0,0.007016897201538086,move
2026-02-25 00:58:41.383118,0,1130,916,0,0,0.006998300552368164,move
2026-02-25 00:58:41.389118,0,1130,916,0,0,0.00599980354309082,move
2026-02-25 00:58:41.396118,0,1129,916,0,0,0.0070002079010009766,move
2026-02-25 00:58:41.403119,0,1128,916,0,0,0.0070002079010009766,move
2026-02-25 00:58:41.410118,0,1127,916,0,0,0.00699925422668457,move
2026-02-25 00:58:41.417122,0,1126,916,0,0,0.007004499435424805,move
2026-02-25 00:58:41.430628,0,1126,916,0,0,0.013505697250366211,click
2026-02-25 00:59:58.508303,0,1122,927,0,0,77.07767510414124,move
2026-02-25 00:59:58.515543,0,1119,942,0,0,0.007239341735839844,move
2026-02-25 00:59:58.522009,0,1115,952,0,0,0.00646662712097168,move
2026-02-25 00:59:58.529238,0,1113,958,0,0,0.0072290897369384766,move
2026-02-25 00:59:58.535608,0,1112,961,0,0,0.006369352340698242,move
2026-02-25 00:59:58.542900,0,1111,964,0,0,0.007292509078979492,move
2026-02-25 00:59:58.549361,0,1110,966,0,0,0.006461381912231445,move
2026-02-25 00:59:58.556621,0,1110,967,0,0,0.0072596073150634766,move
2026-02-25 00:59:58.563660,0,1110,968,0,0,0.007039308547973633,move
2026-02-25 00:59:58.570336,0,1109,968,0,0,0.006675243377685547,move
2026-02-25 00:59:58.638891,0,1109,968,0,0,0.06855535507202148,click
2026-02-25 01:00:00.722140,0.0014367103576660156,1109,968,0,0,2.08324933052063,key
2026-02-25 01:00:00.832630,0.06801223754882812,1109,968,0,0,0.1104893684387207,key
2026-02-25 01:00:00.889740,0.0651235580444336,1109,968,0,0,0.05711054801940918,key
2026-02-25 01:00:02.728803,0.03601336479187012,1109,968,0,0,1.8390629291534424,key
2026-02-25 01:00:02.847378,0.08244204521179199,1109,968,0,0,0.1185753345489502,key
2026-02-25 01:00:03.041871,0.11251616477966309,1109,968,0,0,0.19449257850646973,key
2026-02-25 01:00:03.115531,0.05999636650085449,1109,968,0,0,0.07365942001342773,key
2026-02-25 01:00:03.301146,0.06767749786376953,1109,968,0,0,0.18561601638793945,key
2026-02-25 01:00:03.448998,0.08029413223266602,1109,968,0,0,0.14785146713256836,key
2026-02-25 01:00:03.519240,0.07483696937561035,1109,968,0,0,0.07024216651916504,key
2026-02-25 01:00:03.777227,0.08519101142883301,1109,968,0,0,0.25798678398132324,key
2026-02-25 01:00:03.842953,0.06073594093322754,1109,968,0,0,0.06572580337524414,key
2026-02-25 01:00:04.014764,0.0995171070098877,1109,968,0,0,0.17181110382080078,key
2026-02-25 01:00:04.101903,0.16275572776794434,1109,968,0,0,0.08713889122009277,key
2026-02-25 01:00:04.147241,0.09829950332641602,1109,968,0,0,0.04533886909484863,key
2026-02-25 01:00:04.328986,0.10990762710571289,1109,968,0,0,0.18174457550048828,key
2026-02-25 01:00:04.974716,0.08392500877380371,1109,968,0,0,0.6457297801971436,key
2026-02-25 01:00:05.107233,0.09851717948913574,1109,968,0,0,0.13251662254333496,key
2026-02-25 01:00:05.214929,0.10569429397583008,1109,968,0,0,0.1076958179473877,key
2026-02-25 01:00:05.315150,0.07452011108398438,1109,968,0,0,0.10022115707397461,key
2026-02-25 01:00:05.444918,0.06390094757080078,1109,968,0,0,0.12976884841918945,key
2026-02-25 01:00:05.656216,0.10943078994750977,1109,968,0,0,0.21129775047302246,key
2026-02-25 01:00:06.100289,0.0853729248046875,1109,968,0,0,0.444072961807251,key
2026-02-25 01:00:06.211378,0.11208701133728027,1109,968,0,0,0.11108827590942383,key
2026-02-25 01:00:06.317265,0.07644510269165039,1109,968,0,0,0.10588812828063965,key
2026-02-25 01:00:06.615866,0.10960030555725098,1109,968,0,0,0.2986006736755371,key
2026-02-25 01:00:06.721191,0.10432219505310059,1109,968,0,0,0.10532474517822266,key
2026-02-25 01:00:06.877073,0.11830019950866699,1109,968,0,0,0.15588164329528809,key
2026-02-25 01:00:07.175131,0.10023093223571777,1109,968,0,0,0.29805803298950195,key
2026-02-25 01:00:07.330895,0.09571480751037598,1109,968,0,0,0.15576410293579102,key
2026-02-25 01:00:07.567369,0.12249517440795898,1109,968,0,0,0.23647451400756836,key
2026-02-25 01:00:07.624312,0.11072325706481934,1109,968,0,0,0.05694270133972168,key
2026-02-25 01:00:07.695172,0.0821831226348877,1109,968,0,0,0.07085990905761719,key
2026-02-25 01:00:07.834888,0.06024813652038574,1109,968,0,0,0.13971590995788574,key
2026-02-25 01:00:07.957903,0.11503148078918457,1109,968,0,0,0.12301516532897949,key
2026-02-25 01:00:08.052151,0.10276436805725098,1109,968,0,0,0.09424781799316406,key
2026-02-25 01:00:08.522875,0.0926971435546875,1109,968,0,0,0.47072362899780273,key
2026-02-25 01:00:08.645166,0.08797144889831543,1109,968,0,0,0.12229204177856445,key
2026-02-25 01:00:08.732880,0.07166004180908203,1109,968,0,0,0.08771324157714844,key
2026-02-25 01:00:08.824754,0.10788226127624512,1109,968,0,0,0.09187436103820801,key
2026-02-25 01:00:08.883081,0.10419869422912598,1109,968,0,0,0.05832672119140625,key
2026-02-25 01:00:09.044860,0.05199098587036133,1109,968,0,0,0.16177916526794434,key
2026-02-25 01:00:09.128680,0.05974531173706055,1109,968,0,0,0.08381986618041992,key
2026-02-25 01:00:09.295109,0.09397292137145996,1109,968,0,0,0.166428804397583,key
2026-02-25 01:00:09.380657,0.05954909324645996,1109,968,0,0,0.08554863929748535,key
2026-02-25 01:00:09.474229,0.07557272911071777,1109,968,0,0,0.09357142448425293,key
2026-02-25 01:00:10.100768,0.08915925025939941,1109,968,0,0,0.6265394687652588,key
2026-02-25 01:00:10.192842,0.09071826934814453,1109,968,0,0,0.09207344055175781,key
2026-02-25 01:00:10.299124,0.07847785949707031,1109,968,0,0,0.10628271102905273,key
2026-02-25 01:00:10.520653,0.15528631210327148,1109,968,0,0,0.2215290069580078,key
2026-02-25 01:00:10.565590,0.09048843383789062,1109,968,0,0,0.0449368953704834,key
2026-02-25 01:00:10.686636,0.09960317611694336,1109,968,0,0,0.12104535102844238,key
2026-02-25 01:00:10.708848,0.06000351905822754,1109,968,0,0,0.022212743759155273,key
2026-02-25 01:00:11.262852,0.05818581581115723,1109,968,0,0,0.5540039539337158,key
2026-02-25 01:00:11.371197,0.10631489753723145,1109,968,0,0,0.10834503173828125,key
2026-02-25 01:00:11.552462,0.09458470344543457,1109,968,0,0,0.18126440048217773,key
2026-02-25 01:00:11.746919,0.1079864501953125,1109,968,0,0,0.1944570541381836,key
2026-02-25 01:00:11.836632,0.1275036334991455,1109,968,0,0,0.08971309661865234,key
2026-02-25 01:00:11.879113,0.07758808135986328,1109,968,0,0,0.042481184005737305,key
2026-02-25 01:00:12.020560,0.09171390533447266,1109,968,0,0,0.1414470672607422,key
2026-02-25 01:00:12.121286,0.0886533260345459,1109,968,0,0,0.10072588920593262,key
2026-02-25 01:00:12.178378,0.0812385082244873,1109,968,0,0,0.05709242820739746,key
2026-02-25 01:00:12.301492,0.1262035369873047,1109,968,0,0,0.12311363220214844,key
2026-02-25 01:00:13.684592,0.049756526947021484,1109,968,0,0,1.3831000328063965,key
2026-02-25 01:00:13.863073,0.1491987705230713,1109,968,0,0,0.178480863571167,key
2026-02-25 01:00:13.971454,0.10637831687927246,1109,968,0,0,0.10838079452514648,key
2026-02-25 01:00:14.033317,0.06087827682495117,1109,968,0,0,0.061862945556640625,key
2026-02-25 01:00:14.138586,0.05367541313171387,1109,968,0,0,0.1052694320678711,key
2026-02-25 01:00:14.264989,0.05340099334716797,1109,968,0,0,0.1264023780822754,key
2026-02-25 01:00:14.352589,0.05145859718322754,1109,968,0,0,0.0876007080078125,key
2026-02-25 01:00:15.169762,0.05872225761413574,1109,968,0,0,0.8171732425689697,key
2026-02-25 01:00:15.563006,0.07819104194641113,1109,968,0,0,0.39324402809143066,key
2026-02-25 01:00:15.704749,0.0979771614074707,1109,968,0,0,0.14174246788024902,key
2026-02-25 01:00:15.800894,0.04925370216369629,1109,968,0,0,0.0961446762084961,key
2026-02-25 01:00:15.850760,0.06033635139465332,1109,968,0,0,0.049866676330566406,key
2026-02-25 01:00:15.998754,0.07157778739929199,1109,968,0,0,0.147993803024292,key
2026-02-25 01:00:16.214565,0.0880589485168457,1109,968,0,0,0.21581101417541504,key
2026-02-25 01:00:16.360610,0.10186100006103516,1109,968,0,0,0.14604449272155762,key
2026-02-25 01:00:16.467743,0.10512351989746094,1109,968,0,0,0.10713338851928711,key
2026-02-25 01:00:16.600708,0.1310288906097412,1109,968,0,0,0.1329653263092041,key
2026-02-25 01:00:16.620554,0.0795443058013916,1109,968,0,0,0.019845247268676758,key
2026-02-25 01:00:16.917021,0.07895803451538086,1109,968,0,0,0.29646778106689453,key
2026-02-25 01:00:17.036532,0.11847257614135742,1109,968,0,0,0.11951041221618652,key
2026-02-25 01:00:17.091157,0.07299613952636719,1109,968,0,0,0.05462527275085449,key
2026-02-25 01:00:17.315999,0.10020327568054199,1109,968,0,0,0.22484183311462402,key
2026-02-25 01:00:17.398823,0.08182621002197266,1109,968,0,0,0.0828239917755127,key
2026-02-25 01:00:17.586929,0.09219861030578613,1109,968,0,0,0.18810606002807617,key
2026-02-25 01:00:17.736520,0.126082181930542,1109,968,0,0,0.14959120750427246,key
2026-02-25 01:00:17.841003,0.12437105178833008,1109,968,0,0,0.10448336601257324,key
2026-02-25 01:00:17.942045,0.12146949768066406,1109,968,0,0,0.10104203224182129,key
2026-02-25 01:00:18.128712,0.07748031616210938,1109,968,0,0,0.18666648864746094,key
2026-02-25 01:00:18.360791,0.13016939163208008,1109,968,0,0,0.23207879066467285,key
2026-02-25 01:00:18.410705,0.11764192581176758,1109,968,0,0,0.049913644790649414,key
2026-02-25 01:00:18.452718,0.09016776084899902,1109,968,0,0,0.04201316833496094,key
2026-02-25 01:00:18.716411,0.10974717140197754,1109,968,0,0,0.26369357109069824,key
2026-02-25 01:00:18.802432,0.07602047920227051,1109,968,0,0,0.08602070808410645,key
2026-02-25 01:00:18.929055,0.10011053085327148,1109,968,0,0,0.12662339210510254,key
2026-02-25 01:00:19.048547,0.08951473236083984,1109,968,0,0,0.1194920539855957,key
2026-02-25 01:00:19.108558,0.08801054954528809,1109,968,0,0,0.060010433197021484,key
2026-02-25 01:00:23.540735,0.08312845230102539,1109,968,0,0,4.432177305221558,key
2026-02-25 01:00:23.852530,0.07375669479370117,1109,968,0,0,0.3117947578430176,key
2026-02-25 01:00:24.016437,0.18781280517578125,1109,968,0,0,0.16390705108642578,key
2026-02-25 01:00:24.114654,0.16636061668395996,1109,968,0,0,0.09821748733520508,key
2026-02-25 01:00:24.134503,0.06954336166381836,1109,968,0,0,0.01984858512878418,key
2026-02-25 01:00:25.734212,0.08780574798583984,1109,968,0,0,1.5997092723846436,key
2026-02-25 01:00:25.823917,0.10012245178222656,1109,968,0,0,0.08970499038696289,key
2026-02-25 01:00:25.882609,0.08070707321166992,1109,968,0,0,0.05869150161743164,key
2026-02-25 01:00:25.952919,0.07528567314147949,1109,968,0,0,0.07031011581420898,key
2026-02-25 01:00:26.184082,0.08602452278137207,1109,968,0,0,0.23116374015808105,key
2026-02-25 01:00:38.537961,0,1116,964,0,0,12.35387897491455,move
2026-02-25 01:00:38.545657,0,1126,958,0,0,0.007695674896240234,move
2026-02-25 01:00:38.551671,0,1128,957,0,0,0.006014108657836914,move
2026-02-25 01:00:38.559184,0,1137,949,0,0,0.007512569427490234,move
2026-02-25 01:00:38.566184,0,1155,925,0,0,0.00700068473815918,move
2026-02-25 01:00:38.573183,0,1181,884,0,0,0.006998538970947266,move
2026-02-25 01:00:38.579186,0,1208,843,0,0,0.006002664566040039,move
2026-02-25 01:00:38.586184,0,1237,802,0,0,0.006998538970947266,move
2026-02-25 01:00:38.593185,0,1265,751,0,0,0.007001161575317383,move
2026-02-25 01:00:38.600198,0,1293,700,0,0,0.007012844085693359,move
2026-02-25 01:00:38.607198,0,1325,661,0,0,0.006999969482421875,move
2026-02-25 01:00:38.613198,0,1350,624,0,0,0.00599980354309082,move
2026-02-25 01:00:38.620654,0,1382,585,0,0,0.007456064224243164,move
2026-02-25 01:00:38.627655,0,1416,546,0,0,0.007000923156738281,move
2026-02-25 01:00:38.633747,0,1443,515,0,0,0.0060918331146240234,move
2026-02-25 01:00:38.641205,0,1475,482,0,0,0.007458209991455078,move
2026-02-25 01:00:38.647203,0,1485,470,0,0,0.005997896194458008,move
2026-02-25 01:00:38.902004,0,1487,439,0,0,0.25480127334594727,move
2026-02-25 01:00:38.909007,0,1489,409,0,0,0.007003068923950195,move
2026-02-25 01:00:38.916008,0,1491,385,0,0,0.00700068473815918,move
2026-02-25 01:00:38.922514,0,1493,361,0,0,0.006505727767944336,move
2026-02-25 01:00:38.929514,0,1494,345,0,0,0.0070002079010009766,move
2026-02-25 01:00:38.936515,0,1497,330,0,0,0.00700068473815918,move
2026-02-25 01:00:38.943520,0,1497,322,0,0,0.007004976272583008,move
2026-02-25 01:00:38.950519,0,1498,319,0,0,0.00699925422668457,move
2026-02-25 01:00:38.957025,0,1498,317,0,0,0.006506204605102539,move
2026-02-25 01:00:38.964026,0,1498,317,0,0,0.007000923156738281,move
2026-02-25 01:00:38.972026,0,1498,316,0,0,0.007999658584594727,move
2026-02-25 01:00:39.012025,0,1498,316,0,0,0.03999948501586914,move
2026-02-25 01:00:39.019026,0,1498,316,0,0,0.0070002079010009766,move
2026-02-25 01:00:39.026025,0,1498,317,0,0,0.006999492645263672,move
2026-02-25 01:00:39.033031,0,1496,325,0,0,0.007006406784057617,move
2026-02-25 01:00:39.039026,0,1493,341,0,0,0.005995035171508789,move
2026-02-25 01:00:39.046029,0,1488,358,0,0,0.007003068923950195,move
2026-02-25 01:00:39.053030,0,1485,387,0,0,0.00700068473815918,move
2026-02-25 01:00:39.059539,0,1478,426,0,0,0.006509065628051758,move
2026-02-25 01:00:39.066539,0,1476,468,0,0,0.006999969482421875,move
2026-02-25 01:00:39.073539,0,1474,496,0,0,0.0069997310638427734,move
2026-02-25 01:00:39.080541,0,1472,530,0,0,0.0070018768310546875,move
2026-02-25 01:00:39.087539,0,1470,558,0,0,0.006998538970947266,move
2026-02-25 01:00:39.094539,0,1470,584,0,0,0.0069997310638427734,move
2026-02-25 01:00:39.101540,0,1470,602,0,0,0.00700068473815918,move
2026-02-25 01:00:39.107539,0,1470,613,0,0,0.005999565124511719,move
2026-02-25 01:00:39.114539,0,1470,621,0,0,0.0070002079010009766,move
2026-02-25 01:00:39.121539,0,1470,626,0,0,0.0069997310638427734,move
2026-02-25 01:00:39.128552,0,1470,628,0,0,0.007012605667114258,move
2026-02-25 01:00:39.135539,0,1470,630,0,0,0.006987571716308594,move
2026-02-25 01:00:39.141543,0,1470,631,0,0,0.0070040225982666016,move
2026-02-25 01:00:39.148543,0,1470,631,0,0,0.00599980354309082,move
2026-02-25 01:00:39.156050,0,1470,631,0,0,0.0075070858001708984,move
2026-02-25 01:00:39.163058,0,1470,632,0,0,0.007008075714111328,move
2026-02-25 01:10:23.288547,0.18983888626098633,1470,632,0,0,584.1254887580872,key
2026-02-25 01:10:23.364454,0.41103053092956543,1470,632,0,0,0.07590746879577637,key
2026-02-25 01:10:24.674620,0.1519315242767334,1470,632,0,0,1.3101651668548584,key
2026-02-25 01:10:26.412167,0.20834136009216309,1470,632,0,0,1.7375478744506836,key
2026-02-25 01:10:26.551948,0.5507428646087646,1470,632,0,0,0.13978075981140137,key
