timestamp,button,interval
1771961495.945207,Button.left,0
1771961788.394847,Button.left,0
1771992066.3902256,Button.left,0
1771992067.5514374,Button.left,1.1612117290496826
1771992083.9113383,Button.left,16.359900951385498
1771992085.6495056,Button.left,1.7381672859191895
1771992090.84773,Button.left,5.198224306106567
1771992092.8516874,Button.left,2.003957509994507
1771992093.0673447,Button.left,0.21565723419189453
1771992096.4334917,Button.left,3.366147041320801
1771992096.6255941,Button.left,0.19210243225097656
1771992098.4921672,Button.right,1.8665730953216553
1771992100.1455677,Button.left,1.6534004211425781
1771992111.047553,Button.left,10.90198540687561
1771992112.4093823,Button.left,1.3618292808532715
1771992113.3636444,Button.left,0.9542620182037354
1771992119.7606058,Button.left,6.396961450576782
1771992121.956761,Button.left,2.196155071258545
1771992122.5322819,Button.left,0.5755209922790527
1771992132.4118373,Button.left,9.879555463790894
1771992148.9815674,Button.left,16.569730043411255
1771992153.6660182,Button.left,4.68445086479187
1771992177.487578,Button.left,23.82155966758728
1771992181.1011803,Button.left,3.61360239982605
1771992198.293075,Button.left,17.19189476966858
1771992201.8302214,Button.left,3.5371463298797607
1771992213.8855305,Button.left,12.055309057235718
1771992221.6359584,Button.left,7.750427961349487
1771992225.3360956,Button.left,3.700137138366699
1771992232.6730483,Button.left,7.3369526863098145
1771992286.3400042,Button.left,53.66695594787598
1771992297.697317,Button.left,11.357312679290771
1771992301.88861,Button.left,4.191293001174927
1771992307.2008567,Button.left,5.312246799468994
1771992307.7745235,Button.left,0.5736668109893799
1771992313.647233,Button.right,5.872709512710571
1771992314.3247092,Button.left,0.677476167678833
1771992318.0234919,Button.left,3.6987826824188232
1771992320.7945569,Button.left,2.7710649967193604
1771992321.371068,Button.left,0.5765111446380615
1771992407.2665246,Button.left,85.8954565525055
1771992410.0276206,Button.left,2.7610960006713867
1771992414.744627,Button.left,4.71700644493103
1771992416.8272967,Button.left,2.082669734954834
1771992417.6352444,Button.left,0.8079476356506348
1771992418.9704356,Button.left,1.335191249847412
1771992422.4703093,Button.left,3.499873638153076
1771992426.5511942,Button.left,4.08088493347168
1771992426.9801266,Button.left,0.42893242835998535
1771992428.789742,Button.left,1.8096153736114502
1771992437.5125813,Button.left,8.72283935546875
1771992442.3196561,Button.left,4.807074785232544
1771992446.420879,Button.left,4.10122275352478
1771992448.8395462,Button.left,2.4186673164367676
1771992488.9639878,Button.left,40.124441623687744
1771992492.8097086,Button.left,3.8457207679748535
1771992497.5274806,Button.left,4.717772006988525
1771992498.0953503,Button.left,0.5678696632385254
1771992511.0559466,Button.right,12.960596323013306
1771992511.9906538,Button.left,0.9347071647644043
1771992512.9436867,Button.left,0.9530329704284668
1771992514.0230308,Button.left,1.0793440341949463
1771992518.295632,Button.left,4.272601127624512
1771992527.349945,Button.left,9.05431318283081
1771992533.6777318,Button.left,6.327786684036255
1771992534.3424947,Button.left,0.6647629737854004
1771992548.734983,Button.left,14.392488241195679
1771992552.4238303,Button.left,3.688847303390503
1771992556.944863,Button.left,4.521032810211182
1771992584.3891494,Button.left,27.444286346435547
1771992613.116096,Button.left,28.726946592330933
1771992614.6100154,Button.left,1.4939193725585938
1771992625.102966,Button.left,10.492950677871704
1771992630.0391316,Button.left,4.9361655712127686
1771992632.1278925,Button.left,2.0887608528137207
1771992635.6202617,Button.left,3.4923691749572754
1771992669.8662336,Button.left,34.24597191810608
1771992675.355287,Button.left,5.48905348777771
1771992687.333083,Button.left,11.977795839309692
1771992691.288822,Button.left,3.9557390213012695
1771992714.983412,Button.left,23.694590091705322
1771992715.7922974,Button.left,0.8088853359222412
1771992727.929523,Button.left,12.13722562789917
1771992753.8401194,Button.left,25.91059637069702
1771992763.6055264,Button.left,9.765407085418701
1771992764.707518,Button.left,1.1019916534423828
1771992766.4794588,Button.left,1.7719407081604004
1771992768.1803935,Button.left,1.700934648513794
1771992768.5950625,Button.left,0.4146690368652344
1771992769.9265144,Button.left,1.3314518928527832
1771992770.1292522,Button.left,0.20273780822753906
1771992771.4754229,Button.left,1.3461706638336182
1771992772.5528502,Button.left,1.0774273872375488
1771992772.7615354,Button.left,0.20868515968322754
1771992773.82744,Button.left,1.0659046173095703
1771992778.847194,Button.left,5.019753932952881
1771992784.2277062,Button.left,5.380512237548828
1771992802.5541732,Button.left,18.326467037200928
1771992804.6703188,Button.left,2.116145610809326
1771992817.706372,Button.left,13.03605318069458
1771992846.8169432,Button.right,29.110571146011353
1771992851.411933,Button.left,4.594989776611328
1771992852.4852057,Button.left,1.073272705078125
1771992856.9463031,Button.left,4.461097478866577
1771992858.4826035,Button.left,1.5363004207611084
1771992865.342187,Button.left,6.859583377838135
1771992926.5680106,Button.left,61.225823640823364
1771992927.5160282,Button.left,0.9480175971984863
1771992928.7140975,Button.left,1.1980693340301514
1771992930.138496,Button.left,1.424398422241211
1771992936.3418343,Button.left,6.203338384628296
1771992936.9923291,Button.left,0.6504948139190674
1771992961.4717906,Button.left,24.479461431503296
1771992962.1148567,Button.left,0.6430661678314209
1771992964.4759822,Button.left,2.3611254692077637
1771992973.591553,Button.left,9.115570783615112
1771992975.9223008,Button.left,2.3307478427886963
1771992976.9043782,Button.left,0.9820773601531982
1771992996.2210658,Button.left,19.31668758392334
1771992999.8110027,Button.left,3.5899369716644287
1771993002.969167,Button.left,3.1581642627716064
1771993051.1859846,Button.left,48.21681761741638
1771993151.5618331,Button.left,100.37584853172302
1771993182.3354967,Button.left,30.77366352081299
1771993212.8102944,Button.left,30.47479772567749
1771993214.3731024,Button.left,1.5628080368041992
1771993215.7368402,Button.left,1.3637378215789795
1771993218.7259378,Button.left,2.9890975952148438
1771993219.1539907,Button.left,0.4280529022216797
1771993224.487913,Button.left,5.3339221477508545
1771993226.3194597,Button.left,1.8315467834472656
1771993228.2487547,Button.left,1.9292950630187988
1771993231.065446,Button.left,2.8166911602020264
1771993243.881928,Button.left,12.816482067108154
1771993249.2704546,Button.left,5.388526678085327
1771993254.6167157,Button.left,5.346261024475098
1771993256.2551546,Button.left,1.6384389400482178
1771993259.532633,Button.left,3.2774784564971924
1771993261.1824558,Button.left,1.64982271194458
1771993263.836849,Button.left,2.654393196105957
1771993265.1107492,Button.left,1.2739002704620361
1771993269.5659766,Button.left,4.455227375030518
1771993270.6529086,Button.left,1.0869319438934326
1771993275.0446117,Button.left,4.391703128814697
1771993276.316544,Button.left,1.2719323635101318
1771993286.4981601,Button.left,10.181616067886353
1771993288.6291518,Button.left,2.1309916973114014
1771993290.1172729,Button.left,1.4881210327148438
1771993292.7361891,Button.left,2.6189162731170654
1771993295.1270292,Button.left,2.3908400535583496
1771993295.9085567,Button.left,0.7815275192260742
1771994582.1764112,Button.left,1286.2678544521332
1771994590.7660897,Button.left,8.589678525924683
1771994591.4714503,Button.left,0.7053606510162354
1771994593.6144948,Button.left,2.1430444717407227
1771994594.1414442,Button.left,0.526949405670166
1771994603.3995235,Button.left,9.258079290390015
1771994604.62368,Button.left,1.2241566181182861
1771994606.6978388,Button.left,2.0741586685180664
1771994607.2798135,Button.left,0.5819747447967529
1771994612.2732131,Button.left,4.993399620056152
1771994612.715726,Button.left,0.44251275062561035
1771994617.2595358,Button.left,4.54380989074707
1771994622.5533514,Button.left,5.293815612792969
1771994623.9566333,Button.left,1.4032819271087646
1771994625.5901773,Button.left,1.6335439682006836
1771994626.2887814,Button.left,0.6986041069030762
1771994630.6660304,Button.left,4.377249002456665
1771994634.5742729,Button.left,3.9082424640655518
1771994636.7453148,Button.left,2.171041965484619
1771994641.1091383,Button.left,4.363823413848877
1771994642.3567889,Button.left,1.2476506233215332
1771994644.3636737,Button.left,2.006884813308716
1771994645.4694028,Button.left,1.105729103088379
1771994665.607766,Button.left,20.138363122940063
1771994672.383742,Button.left,6.775976181030273
1771994673.8434231,Button.left,1.4596810340881348
1771994676.9143443,Button.left,3.0709211826324463
1771994686.8567522,Button.left,9.942407846450806
1771994690.852247,Button.left,3.995494842529297
1771994693.8057597,Button.left,2.953512668609619
1771994695.2440891,Button.left,1.4383294582366943
1771994696.9869049,Button.left,1.7428157329559326
1771994697.6510506,Button.left,0.6641457080841064
1771994702.3693178,Button.left,4.718267202377319
1771994704.2283368,Button.left,1.8590190410614014
1771994706.9059381,Button.left,2.6776013374328613
1771994708.5509048,Button.left,1.6449666023254395
1771994710.2661421,Button.left,1.7152373790740967
1771994712.1332076,Button.left,1.8670654296875
1771994714.483943,Button.left,2.3507354259490967
1771994715.1623676,Button.left,0.678424596786499
1771994716.4426978,Button.left,1.2803301811218262
1771994716.9684193,Button.left,0.525721549987793
1771994730.1504934,Button.left,13.182074069976807
1771994751.2933824,Button.left,21.14288902282715
1771994756.2315543,Button.left,4.938171863555908
1771994758.9861999,Button.left,2.754645586013794
1771994760.709435,Button.left,1.7232351303100586
1771994761.836433,Button.left,1.126997947692871
1771994767.4878826,Button.left,5.651449680328369
1771994769.9389603,Button.left,2.451077699661255
1771994771.5544043,Button.left,1.6154439449310303
1771994773.6583226,Button.left,2.1039183139801025
1771994773.8633835,Button.left,0.2050609588623047
1771994776.486117,Button.left,2.6227333545684814
1771994782.828305,Button.left,6.342188119888306
1771994792.3840883,Button.left,9.55578327178955
1771994796.1816566,Button.left,3.7975683212280273
1771994799.1414514,Button.right,2.959794759750366
1771994800.715488,Button.left,1.5740365982055664
1771994815.178768,Button.left,14.463279962539673
1771994823.977637,Button.left,8.798869132995605
1771994824.4243748,Button.right,0.44673776626586914
1771994828.012488,Button.left,3.5881130695343018
1771994829.691941,Button.left,1.6794531345367432
1771994835.29084,Button.left,5.598898887634277
1771994835.5280697,Button.left,0.2372298240661621
1771994837.4594166,Button.left,1.9313468933105469
1771994838.2129302,Button.left,0.7535135746002197
1771994838.444368,Button.left,0.23143768310546875
1771994838.6302004,Button.left,0.18583250045776367
1771994839.9755206,Button.left,1.345320224761963
1771994860.4170237,Button.left,20.441503047943115
1771994885.6571586,Button.left,25.240134954452515
1771994885.89876,Button.left,0.24160146713256836
1771994887.4141579,Button.left,1.5153977870941162
1771994890.3090076,Button.left,2.8948497772216797
1771994890.5734105,Button.left,0.2644028663635254
1771994891.5950618,Button.left,1.021651268005371
1771994891.788787,Button.left,0.1937251091003418
1771994893.0450954,Button.left,1.2563085556030273
1771994902.5081506,Button.left,9.46305513381958
1771994903.9435103,Button.left,1.4353597164154053
1771994904.161764,Button.left,0.21825361251831055
1771994904.3216798,Button.left,0.15991592407226562
1771994905.9285197,Button.left,1.606839895248413
1771994946.4275277,Button.left,40.49900794029236
1771994952.5149074,Button.left,6.087379693984985
1771994956.6567287,Button.left,4.141821384429932
1771994960.1661248,Button.left,3.5093960762023926
1771994962.163946,Button.left,1.9978210926055908
1771994962.5622706,Button.right,0.39832472801208496
1771994964.3695588,Button.left,1.8072881698608398
1771994965.0262802,Button.left,0.6567213535308838
1771994966.5764196,Button.right,1.5501394271850586
1771994968.3839662,Button.left,1.807546615600586
1771994969.9611542,Button.left,1.5771880149841309
1771994972.463299,Button.left,2.5021448135375977
1771994972.6769078,Button.left,0.2136087417602539
1771994986.3235338,Button.left,13.646625995635986
1771995067.4676423,Button.left,81.14410853385925
1771995068.6662855,Button.left,1.1986432075500488
1771995071.5424466,Button.left,2.8761610984802246
1771995074.322326,Button.left,2.779879331588745
1771995076.7695713,Button.left,2.4472453594207764
1771995077.9317095,Button.left,1.1621382236480713
1771995089.0580556,Button.left,11.126346111297607
1771995089.9284856,Button.left,0.8704299926757812
1771995090.627949,Button.left,0.6994633674621582
1771995091.2983215,Button.left,0.670372486114502
1771995096.3744311,Button.left,5.0761096477508545
1771995102.2460253,Button.left,5.871594190597534
1771995104.2443185,Button.left,1.998293161392212
1771995105.3646052,Button.left,1.1202867031097412
1771995106.63637,Button.left,1.2717647552490234
1771995193.3807063,Button.left,86.74433636665344
1771995231.4858835,Button.left,38.10517716407776
1771995311.6104968,Button.left,80.1246132850647
1771995342.933869,Button.left,31.32337212562561
1771995350.354229,Button.left,7.420360088348389
1771995377.880021,Button.left,27.525792121887207
1771995382.8314724,Button.left,4.951451301574707
1771995383.48241,Button.left,0.650937557220459
1771995385.1759605,Button.left,1.6935505867004395
1771995386.6433303,Button.left,1.467369794845581
1771995392.8101244,Button.left,6.166794061660767
1771995404.696095,Button.left,11.88597059249878
1771995405.3466787,Button.left,0.6505837440490723
1771995406.4525497,Button.left,1.1058709621429443
1771995408.8107393,Button.left,2.358189582824707
1771995421.3745236,Button.left,12.56378436088562
1771995422.1002061,Button.left,0.7256824970245361
1771995425.90649,Button.left,3.806283950805664
1771995428.2165403,Button.left,2.3100502490997314
1771995429.5539246,Button.left,1.3373842239379883
1771995430.5700715,Button.left,1.0161468982696533
1771995436.0256631,Button.left,5.455591678619385
1771995438.2935724,Button.left,2.267909288406372
1771995439.3022866,Button.left,1.008714199066162
1771995440.9758894,Button.left,1.673602819442749
1771995442.1243064,Button.left,1.1484169960021973
1771995443.7349222,Button.left,1.6106157302856445
1771995445.5612397,Button.left,1.826317548751831
1771995449.6328716,Button.left,4.071631908416748
1771995525.0746899,Button.left,75.44181823730469
1771995537.5899055,Button.left,12.515215635299683
1771995545.6892807,Button.left,8.099375247955322
1771995546.768932,Button.left,1.0796513557434082
1771995547.7706358,Button.left,1.0017037391662598
1771995550.4966257,Button.left,2.725989818572998
1771995552.9776716,Button.left,2.481045961380005
1771995553.1434116,Button.left,0.1657400131225586
1771995554.7412508,Button.left,1.597839117050171
1771995557.7983918,Button.left,3.057141065597534
1771995561.5428243,Button.left,3.7444324493408203
1771995563.154564,Button.left,1.6117396354675293
1771995571.5652602,Button.left,8.410696268081665
1771995575.5573535,Button.left,3.992093324661255
1771995578.3804212,Button.left,2.8230676651000977
1771995589.6038465,Button.left,11.223425388336182
1771995594.1091547,Button.left,4.505308151245117
1771995594.9899805,Button.left,0.8808257579803467
1771995595.5493162,Button.left,0.5593357086181641
1771995602.0549295,Button.left,6.505613327026367
1771995603.5903122,Button.left,1.5353827476501465
1771995604.6762643,Button.left,1.0859520435333252
1771995612.308398,Button.left,7.632133722305298
1771995613.4725292,Button.left,1.1641311645507812
1771995645.5743222,Button.left,32.10179305076599
1771995649.012101,Button.left,3.4377787113189697
1771995649.828396,Button.left,0.8162951469421387
1771995650.5475733,Button.left,0.71917724609375
1771995651.5638666,Button.left,1.0162932872772217
1771995750.2146416,Button.left,98.65077495574951
1771995750.7399726,Button.left,0.5253310203552246
1771995752.9185905,Button.left,2.1786179542541504
1771995755.235779,Button.left,2.3171885013580322
1771995866.4208353,Button.left,111.18505620956421
1771995881.0734355,Button.left,14.652600288391113
1771995887.6361167,Button.left,6.562681198120117
1771995889.4409764,Button.left,1.8048596382141113
1771995894.6841578,Button.left,5.243181467056274
1771995901.8231544,Button.left,7.138996601104736
1771995906.606234,Button.left,4.783079624176025
1771995940.482885,Button.left,33.8766508102417
1771995978.014433,Button.left,37.53154802322388
1771996110.0423768,Button.left,132.0279438495636
1771996114.7931268,Button.left,4.7507500648498535
1771996119.898485,Button.left,5.105358123779297
1771996124.5706081,Button.left,4.672123193740845
1771996127.5442302,Button.left,2.9736220836639404
1771996130.3290665,Button.left,2.7848362922668457
1771996132.405112,Button.left,2.076045513153076
1771996141.7632973,Button.left,9.358185291290283
1771996152.0110495,Button.left,10.24775218963623
1771996153.865377,Button.left,1.8543274402618408
1771996156.47186,Button.left,2.606482982635498
1771996181.0390964,Button.left,24.56723642349243
1771996193.3619282,Button.left,12.322831869125366
1771996200.428969,Button.left,7.067040681838989
1771996213.1325173,Button.left,12.703548431396484
1771996216.6864274,Button.left,3.55391001701355
1771996241.5454922,Button.left,24.85906481742859
1771996252.9420574,Button.left,11.396565198898315
1771996257.11946,Button.left,4.17740273475647
1771996259.655596,Button.left,2.5361359119415283
1771996260.583351,Button.left,0.9277548789978027
1771996260.8124626,Button.left,0.2291116714477539
1771996260.9822786,Button.left,0.1698160171508789
1771996262.333192,Button.left,1.3509135246276855
1771996276.0309107,Button.left,13.697718620300293
1771996279.2973778,Button.left,3.2664670944213867
1771996284.5317202,Button.left,5.234342336654663
1771996287.20761,Button.left,2.675889730453491
1771996291.5906684,Button.left,4.383058547973633
1771996316.208594,Button.left,24.6179256439209
1771996316.4606657,Button.left,0.2520716190338135
1771996317.570142,Button.left,1.1094763278961182
1771996433.0773995,Button.left,115.50725746154785
1771996435.6324139,Button.left,2.5550143718719482
1771996444.6286447,Button.left,8.996230840682983
1771996458.0636396,Button.left,13.43499493598938
1771996459.735609,Button.left,1.6719694137573242
1771996465.2034683,Button.left,5.467859268188477
1771996465.9352174,Button.left,0.7317490577697754
1771996470.9721334,Button.left,5.036916017532349
1771996471.1529748,Button.left,0.18084144592285156
1771996480.6393788,Button.left,9.486403942108154
1771996481.725134,Button.left,1.0857551097869873
1771996482.250594,Button.left,0.5254600048065186
1771996486.4484706,Button.left,4.197876691818237
1771996497.851135,Button.left,11.402664422988892
1771996558.3883104,Button.left,60.53717541694641
1771996559.009331,Button.left,0.6210205554962158
1771996570.4216495,Button.left,11.412318468093872
1771996592.836492,Button.left,22.41484260559082
1771996597.0657737,Button.left,4.229281663894653
1771996599.10186,Button.left,2.036086320877075
1771996600.3028588,Button.left,1.2009987831115723
1771996601.2054994,Button.left,0.9026405811309814
1771996602.1053426,Button.left,0.8998432159423828
1771996603.7313423,Button.left,1.6259996891021729
1771996619.0535004,Button.left,15.322158098220825
1771996626.3859355,Button.left,7.332435131072998
1771996627.8318794,Button.left,1.445943832397461
1771996631.2426941,Button.left,3.4108147621154785
1771996631.9973347,Button.left,0.7546405792236328
1771996635.4701855,Button.left,3.472850799560547
1771996635.6434064,Button.left,0.17322087287902832
1771996639.5446339,Button.left,3.9012274742126465
1771996639.7424612,Button.left,0.19782733917236328
1771996642.497946,Button.left,2.7554848194122314
1771996647.9492137,Button.left,5.451267719268799
1771996650.5730166,Button.left,2.623802900314331
1771996654.2393265,Button.left,3.6663098335266113
1771996657.0814166,Button.left,2.842090129852295
1771996660.8469834,Button.left,3.765566825866699
1771996663.606325,Button.left,2.7593414783477783
1771996667.409697,Button.left,3.8033721446990967
1771996668.3153179,Button.left,0.905620813369751
1771996673.7809093,Button.left,5.4655914306640625
1771996675.8845906,Button.left,2.1036813259124756
1771996678.5978286,Button.left,2.713238000869751
1771996679.4837847,Button.left,0.8859560489654541
1771996683.2503023,Button.left,3.7665176391601562
1771996685.136214,Button.left,1.8859117031097412
1771996687.5493834,Button.left,2.4131693840026855
1771996692.895737,Button.left,5.346353530883789
1771996693.712321,Button.left,0.8165841102600098
1771996697.218009,Button.left,3.505687952041626
1771996697.986154,Button.left,0.7681450843811035
1771996699.8529897,Button.left,1.866835594177246
1771996701.245988,Button.left,1.392998218536377
1771996703.958103,Button.left,2.7121150493621826
1771996707.881032,Button.left,3.922929048538208
1771996742.3264089,Button.left,34.44537687301636
1771996754.5819051,Button.left,12.255496263504028
1771996756.0145087,Button.left,1.4326035976409912
1771996757.0372472,Button.left,1.0227384567260742
1771996767.8874195,Button.left,10.850172281265259
1771996769.7760453,Button.left,1.8886258602142334
1771996772.1880143,Button.left,2.411968946456909
1771996774.0505779,Button.left,1.8625636100769043
1771996774.893835,Button.right,0.8432571887969971
1771996775.917996,Button.left,1.0241608619689941
1771996776.6994312,Button.left,0.7814352512359619
1771996818.9739656,Button.left,42.274534463882446
1771996824.3030686,Button.left,5.329102993011475
1771996867.2555327,Button.left,42.95246410369873
1771996868.5779018,Button.left,1.32236909866333
1771996871.2686799,Button.left,2.6907780170440674
1771996873.206678,Button.left,1.9379980564117432
1771996874.5487478,Button.left,1.3420698642730713
1771996875.712308,Button.left,1.163560152053833
1771996877.0782351,Button.left,1.3659272193908691
1771996879.54017,Button.left,2.461934804916382
1771996881.0296898,Button.left,1.4895198345184326
1771996883.2591333,Button.left,2.2294435501098633
1771996884.532099,Button.left,1.272965669631958
1771996887.8350556,Button.left,3.3029565811157227
1771996894.3815405,Button.left,6.54648494720459
1771996898.7887244,Button.left,4.407183885574341
1771996916.8292031,Button.left,18.040478706359863
1771996919.3155634,Button.left,2.4863603115081787
1771996921.197719,Button.left,1.8821556568145752
1771996922.6581676,Button.left,1.4604485034942627
1771996922.927687,Button.left,0.2695193290710449
1771996926.6826913,Button.left,3.755004405975342
1771996929.7286496,Button.left,3.0459582805633545
1771996971.8429403,Button.left,42.114290714263916
1771996975.3143947,Button.left,3.471454381942749
1771996991.1539714,Button.left,15.839576721191406
1771997094.5978982,Button.left,103.44392681121826
1771997110.7379515,Button.left,16.140053272247314
1771997121.1065693,Button.left,10.36861777305603
1771997127.5189884,Button.left,6.412419080734253
1771997129.4565394,Button.left,1.9375510215759277
1771997139.622252,Button.left,10.165712594985962
1771997151.710944,Button.left,12.08869194984436
1771997153.2204428,Button.left,1.5094988346099854
1771997155.4046884,Button.left,2.1842455863952637
1771997158.9805212,Button.left,3.5758328437805176
1771997162.6588085,Button.left,3.6782872676849365
1771997164.0486062,Button.left,1.3897976875305176
1771997167.6030743,Button.left,3.5544681549072266
1771997169.1863856,Button.left,1.5833113193511963
1771997224.1189623,Button.left,54.93257665634155
1771997345.1628327,Button.left,121.04387044906616
1772035213.9595935,Button.right,37868.7967607975
1772035229.5406697,Button.left,15.58107614517212
1772035233.2480237,Button.left,3.7073540687561035
1772035261.830545,Button.left,28.582521200180054
1772035402.0182319,Button.left,140.18768692016602
1772035403.381444,Button.left,1.3632121086120605
1772035405.15105,Button.left,1.769606113433838
1772035409.8397346,Button.left,4.688684463500977
1772035411.2369394,Button.left,1.397204875946045
1772035416.6866066,Button.left,5.44966721534729
1772035419.6329703,Button.left,2.946363687515259
1772035421.0731719,Button.left,1.4402015209197998
1772035423.8035357,Button.left,2.7303638458251953
1772035428.3059006,Button.left,4.502364873886108
1772035430.7776048,Button.left,2.4717042446136475
1772035433.6487803,Button.left,2.871175527572632
1772035435.9842987,Button.left,2.3355183601379395
1772035437.4711413,Button.left,1.4868426322937012
1772035438.8413358,Button.left,1.370194435119629
1772035443.8958879,Button.left,5.05455207824707
1772035451.836954,Button.left,7.941066265106201
1772035454.879122,Button.left,3.042167901992798
1772035456.4493191,Button.left,1.5701971054077148
1772035458.185941,Button.left,1.7366218566894531
1772035459.887508,Button.left,1.7015669345855713
1772035461.1602902,Button.left,1.272782325744629
1772035462.8127012,Button.left,1.6524109840393066
1772035556.5116386,Button.left,93.69893741607666
1772035559.3743832,Button.left,2.8627445697784424
1772035560.3416893,Button.left,0.9673061370849609
1772035563.0138624,Button.left,2.672173023223877
1772035563.601717,Button.left,0.5878546237945557
1772035564.10672,Button.left,0.5050029754638672
1772035565.0949652,Button.left,0.9882452487945557
1772035566.658875,Button.left,1.5639097690582275
1772035567.2614906,Button.left,0.6026155948638916
1772035568.1698904,Button.left,0.9083998203277588
1772035568.9225883,Button.left,0.7526979446411133
1772035580.667153,Button.left,11.744564533233643
1772035581.6645923,Button.left,0.9974393844604492
1772035606.5408142,Button.left,24.876221895217896
1772035610.2855816,Button.left,3.744767427444458
1772035610.8049512,Button.left,0.5193696022033691
1772035611.741707,Button.left,0.936755895614624
1772035618.894317,Button.left,7.152609825134277
1772035620.6231844,Button.left,1.728867530822754
1772035622.628442,Button.left,2.0052576065063477
1772035623.7909744,Button.left,1.1625323295593262
1772035625.1391385,Button.left,1.3481640815734863
1772035629.3717785,Button.left,4.232640027999878
1772035630.2515342,Button.left,0.8797557353973389
1772035630.9866908,Button.left,0.7351565361022949
1772035632.855946,Button.left,1.8692553043365479
1772035636.7389553,Button.left,3.883009195327759
1772035642.9560056,Button.left,6.217050313949585
1772035651.0321822,Button.left,8.076176643371582
1772035667.6138637,Button.left,16.581681489944458
1772035671.7518773,Button.left,4.138013601303101
1772035673.0871062,Button.left,1.3352289199829102
1772035674.0630908,Button.left,0.9759845733642578
1772035675.1019845,Button.left,1.038893699645996
1772035678.0644748,Button.left,2.9624903202056885
1772035681.1773407,Button.left,3.112865924835205
1772035681.9772475,Button.left,0.7999067306518555
1772035684.945889,Button.left,2.968641519546509
1772035687.7967918,Button.left,2.850902795791626
1772035693.0506806,Button.left,5.253888845443726
1772035693.6744738,Button.left,0.6237931251525879
1772035694.5504487,Button.left,0.8759748935699463
1772035700.6161623,Button.left,6.06571364402771
1772035701.9023101,Button.left,1.2861478328704834
1772035702.089244,Button.left,0.1869337558746338
1772035704.282529,Button.left,2.1932852268218994
1772035705.5341527,Button.left,1.2516236305236816
1772035705.7562664,Button.left,0.22211360931396484
1772035714.995003,Button.left,9.238736629486084
1772035717.8579037,Button.left,2.862900733947754
1772035719.0971029,Button.left,1.239199161529541
1772035722.3491085,Button.left,3.2520055770874023
1772035723.5085866,Button.left,1.1594781875610352
1772035729.7194862,Button.left,6.210899591445923
1772035733.9448493,Button.left,4.22536301612854
1772035748.8011851,Button.left,14.856335878372192
1772035749.283786,Button.left,0.4826009273529053
1772035750.0536397,Button.left,0.7698535919189453
1772035751.4929216,Button.left,1.439281940460205
1772035767.4752085,Button.left,15.982286930084229
1772035804.0041368,Button.left,36.52892827987671
1772035810.2165258,Button.left,6.21238899230957
1772035815.767737,Button.left,5.55121111869812
1772035826.050587,Button.left,10.28285002708435
1772035826.2714663,Button.left,0.22087931632995605
1772035826.6407156,Button.left,0.3692493438720703
1772035841.127957,Button.left,14.487241506576538
1772035841.3510916,Button.left,0.22313451766967773
1772035841.5498734,Button.left,0.19878172874450684
1772035843.8075614,Button.left,2.257688045501709
1772035843.9939725,Button.left,0.18641114234924316
1772035844.327149,Button.left,0.3331763744354248
1772035848.186963,Button.left,3.859814167022705
1772035850.4916184,Button.left,2.3046553134918213
1772035850.844723,Button.left,0.3531045913696289
1772035851.410968,Button.right,0.5662450790405273
1772035853.4052339,Button.left,1.9942657947540283
1772035855.4147382,Button.left,2.0095043182373047
1772035860.3550806,Button.left,4.940342426300049
1772035861.33791,Button.left,0.9828293323516846
1772035861.7811265,Button.left,0.44321656227111816
1772035862.3479466,Button.left,0.5668201446533203
1772035864.064676,Button.left,1.7167294025421143
1772035877.8298938,Button.left,13.765217781066895
1772035878.5495434,Button.left,0.7196495532989502
1772035879.9882872,Button.right,1.4387438297271729
1772035881.4152555,Button.left,1.4269683361053467
1772035884.789398,Button.left,3.3741424083709717
1772035884.9747176,Button.left,0.1853196620941162
1772035923.5515137,Button.left,38.57679605484009
1772035925.8169763,Button.left,2.265462636947632
1772035928.4189582,Button.left,2.6019818782806396
1772035953.3656907,Button.left,24.94673252105713
1772035958.6187239,Button.left,5.25303316116333
1772035960.2302547,Button.left,1.6115307807922363
1772035961.072445,Button.left,0.8421902656555176
1772035961.6048005,Button.left,0.532355546951294
1772035963.0717049,Button.left,1.4669044017791748
1772035965.1054523,Button.left,2.033747434616089
1772035965.8573935,Button.left,0.7519412040710449
1772035969.9611378,Button.left,4.103744268417358
1772035971.002144,Button.left,1.041006326675415
1772035972.4409478,Button.left,1.4388036727905273
1772035974.8191164,Button.left,2.3781685829162598
1772035976.155915,Button.left,1.3367986679077148
1772035979.7789223,Button.left,3.623007297515869
1772035980.8181133,Button.left,1.0391910076141357
1772035981.3077629,Button.left,0.48964953422546387
1772036013.5598083,Button.left,32.25204539299011
1772036016.5444815,Button.left,2.984673261642456
1772036019.8386781,Button.left,3.294196605682373
1772036021.5321186,Button.left,1.6934404373168945
1772036022.6796076,Button.left,1.147489070892334
1772036023.5540469,Button.left,0.8744392395019531
1772036027.6619003,Button.left,4.107853412628174
1772036030.3200178,Button.left,2.6581175327301025
1772036031.5480192,Button.left,1.228001356124878
1772036032.6766617,Button.left,1.1286425590515137
1772036033.167862,Button.left,0.49120020866394043
1772036034.5369499,Button.left,1.3690879344940186
1772036037.1448648,Button.left,2.607914924621582
1772036038.0569005,Button.left,0.9120357036590576
1772036042.0676544,Button.left,4.010753870010376
1772036051.9962919,Button.left,9.928637504577637
1772036053.3033047,Button.left,1.3070127964019775
1772036054.3537953,Button.left,1.0504906177520752
1772036055.3159726,Button.left,0.9621772766113281
1772036055.8685603,Button.left,0.5525877475738525
1772036065.3677824,Button.left,9.499222040176392
1772036067.6358178,Button.right,2.268035411834717
1772036069.967295,Button.left,2.331477165222168
1772036072.147195,Button.left,2.1799001693725586
1772036079.4596462,Button.left,7.312451124191284
1772036083.7690122,Button.left,4.30936598777771
1772036084.5090108,Button.left,0.7399985790252686
1772036087.0187023,Button.left,2.5096914768218994
1772036093.0172067,Button.left,5.998504400253296
1772036098.5237172,Button.left,5.506510496139526
1772036100.3532026,Button.left,1.8294854164123535
1772036101.3976295,Button.left,1.0444269180297852
1772036104.3837097,Button.left,2.9860801696777344
1772036118.2976499,Button.left,13.913940191268921
1772036121.5650492,Button.left,3.267399311065674
1772036196.6448512,Button.left,75.0798020362854
1772036198.1394155,Button.left,1.4945642948150635
1772036211.6259406,Button.left,13.486525058746338
1772036218.1060317,Button.left,6.480091094970703
1772036218.7631397,Button.left,0.6571080684661865
1772036221.9312024,Button.left,3.168062686920166
1772036227.8430433,Button.left,5.911840915679932
1772036228.0855734,Button.left,0.24253010749816895
1772036231.0403388,Button.left,2.9547653198242188
1772036234.0469782,Button.left,3.0066394805908203
1772036236.0026076,Button.left,1.9556293487548828
1772036238.2438078,Button.left,2.2412002086639404
1772036245.2415125,Button.left,6.997704744338989
1772036245.4750147,Button.left,0.23350214958190918
1772036245.675797,Button.left,0.20078229904174805
1772036245.8630576,Button.left,0.18726062774658203
1772036246.3134823,Button.left,0.4504246711730957
1772036248.3181772,Button.left,2.004694938659668
1772036249.5154436,Button.left,1.1972663402557373
1772036265.740806,Button.left,16.225362539291382
1772036267.5205765,Button.left,1.7797703742980957
1772036268.9998395,Button.left,1.4792630672454834
1772036271.4651356,Button.left,2.4652960300445557
1772036277.8165596,Button.left,6.351423978805542
1772036279.5311153,Button.left,1.7145557403564453
1772036280.7998421,Button.left,1.2687268257141113
1772036282.4790761,Button.left,1.6792340278625488
1772036283.4086008,Button.left,0.9295246601104736
1772036284.6207342,Button.left,1.2121334075927734
1772036285.268096,Button.left,0.6473617553710938
1772036290.4154747,Button.left,5.14737868309021
1772036290.6472654,Button.left,0.23179078102111816
1772036292.0834782,Button.left,1.4362127780914307
1772036292.5164337,Button.left,0.4329555034637451
1772036293.5198905,Button.left,1.0034568309783936
1772036294.5702677,Button.left,1.0503771305084229
1772036296.4514267,Button.left,1.8811590671539307
1772036298.3485987,Button.left,1.897171974182129
1772036299.6766386,Button.left,1.3280398845672607
1772036302.8964357,Button.left,3.219797134399414
1772036303.745434,Button.left,0.8489983081817627
1772036304.8725853,Button.left,1.1271512508392334
1772036305.5432494,Button.left,0.6706640720367432
1772036308.4976938,Button.left,2.954444408416748
1772036309.2437038,Button.left,0.7460100650787354
1772036311.790957,Button.left,2.547253131866455
1772036314.8406413,Button.left,3.0496842861175537
1772036315.9866729,Button.left,1.1460316181182861
1772036317.5240436,Button.left,1.5373706817626953
1772036328.6386158,Button.left,11.114572286605835
1772036338.8409395,Button.left,10.20232367515564
1772036340.004275,Button.left,1.1633355617523193
1772036341.1409051,Button.left,1.1366300582885742
1772036346.9853578,Button.left,5.844452619552612
1772036347.9404519,Button.left,0.9550940990447998
1772036354.3775365,Button.left,6.437084674835205
1772036357.667746,Button.left,3.2902095317840576
1772036358.7533276,Button.left,1.0855815410614014
1772036410.268601,Button.left,51.515273332595825
1772036435.9913893,Button.left,25.722788333892822
1772036438.5157707,Button.left,2.524381399154663
1772036443.467063,Button.left,4.951292276382446
1772036456.7089531,Button.left,13.24189019203186
1772036460.0535767,Button.left,3.344623565673828
1772036467.8554292,Button.left,7.801852464675903
1772036476.440759,Button.left,8.58532977104187
1772036478.5991888,Button.left,2.1584298610687256
1772036481.4302425,Button.left,2.8310537338256836
1772036483.9785085,Button.left,2.5482659339904785
1772036486.9044404,Button.left,2.925931930541992
1772036487.5821517,Button.left,0.6777112483978271
1772036502.3330753,Button.left,14.75092363357544
1772036503.5639453,Button.left,1.230870008468628
1772036505.1340387,Button.left,1.5700933933258057
1772036513.9607494,Button.left,8.82671070098877
1772036514.2158153,Button.left,0.25506591796875
1772036514.45787,Button.left,0.24205470085144043
1772036514.8949683,Button.left,0.43709826469421387
1772036516.2079952,Button.left,1.3130269050598145
1772036518.4560218,Button.left,2.2480266094207764
1772036520.4754298,Button.left,2.0194079875946045
1772036523.6929097,Button.left,3.217479944229126
1772036527.0069783,Button.left,3.314068555831909
1772036527.7549853,Button.left,0.74800705909729
1772036529.3042274,Button.left,1.5492420196533203
1772036533.62096,Button.left,4.31673264503479
1772036536.259428,Button.right,2.638468027114868
1772036540.3190067,Button.left,4.0595786571502686
1772036544.3505998,Button.left,4.031593084335327
1772036544.57915,Button.left,0.22855019569396973
1772036546.371987,Button.left,1.792837142944336
1772036550.126741,Button.left,3.754753828048706
1772036554.7152605,Button.left,4.58851957321167
1772036555.5913806,Button.left,0.8761200904846191
1772036557.5212274,Button.left,1.9298467636108398
1772036562.0527322,Button.left,4.53150486946106
1772036565.8717806,Button.left,3.8190484046936035
1772036567.821422,Button.left,1.949641466140747
1772036570.1470234,Button.left,2.32560133934021
1772036575.164052,Button.left,5.017028570175171
1772036576.4858067,Button.left,1.3217546939849854
1772036577.2698,Button.left,0.7839932441711426
1772036578.7359552,Button.left,1.4661552906036377
1772036579.5382483,Button.left,0.802293062210083
1772036579.753233,Button.left,0.21498465538024902
1772036580.6544223,Button.left,0.9011893272399902
1772036581.1968062,Button.left,0.5423839092254639
1772036583.6971896,Button.left,2.5003833770751953
1772036585.1929538,Button.left,1.4957642555236816
1772036587.6618328,Button.left,2.468878984451294
1772036598.1963344,Button.left,10.534501552581787
1772036598.441083,Button.left,0.24474859237670898
1772036598.633469,Button.left,0.19238615036010742
1772036599.925331,Button.left,1.2918620109558105
1772036601.6844113,Button.left,1.759080171585083
1772036603.289508,Button.left,1.6050968170166016
1772036604.1673517,Button.left,0.8778436183929443
1772036604.742681,Button.left,0.5753293037414551
1772036606.2293456,Button.left,1.4866645336151123
1772036606.6734364,Button.left,0.4440908432006836
1772036610.9870281,Button.left,4.313591718673706
1772036612.4468582,Button.left,1.4598300457000732
1772036617.4927368,Button.left,5.045878648757935
1772036618.6276944,Button.left,1.1349575519561768
1772036620.6753135,Button.left,2.047619104385376
1772036623.3309288,Button.left,2.6556153297424316
1772036624.807133,Button.left,1.4762041568756104
1772036627.6300223,Button.left,2.8228893280029297
1772036630.2726023,Button.left,2.642580032348633
1772036631.5300531,Button.left,1.257450819015503
1772036633.0456913,Button.left,1.5156381130218506
1772036642.32775,Button.left,9.282058715820312
1772036644.9619675,Button.left,2.6342175006866455
1772036647.5092485,Button.left,2.54728102684021
1772036651.3750346,Button.left,3.865786075592041
1772036654.7498627,Button.left,3.3748281002044678
1772036666.3066533,Button.left,11.556790590286255
1772036670.8859158,Button.left,4.5792624950408936
1772036674.5640779,Button.left,3.678162097930908
1772036684.7778757,Button.left,10.213797807693481
1772036685.9467804,Button.left,1.1689047813415527
1772036688.395394,Button.left,2.4486136436462402
1772036689.4816904,Button.left,1.0862963199615479
1772036697.836892,Button.left,8.355201482772827
1772036701.5366693,Button.left,3.699777364730835
1772036703.0808702,Button.left,1.5442008972167969
1772036741.7120855,Button.left,38.6312153339386
1772036746.1042776,Button.left,4.392192125320435
1772036746.3467293,Button.left,0.24245166778564453
1772036746.5103223,Button.left,0.16359305381774902
1772036754.4394271,Button.left,7.929104804992676
1772036762.74281,Button.left,8.303382873535156
1772036762.9901328,Button.left,0.24732279777526855
1772036767.0434642,Button.left,4.05333137512207
1772036767.527045,Button.left,0.4835808277130127
1772036776.8396368,Button.left,9.312591791152954
1772036777.6909254,Button.left,0.8512885570526123
1772036781.2912958,Button.left,3.600370407104492
1772036782.750942,Button.left,1.459646224975586
1772036792.3981504,Button.left,9.647208452224731
1772036793.1248744,Button.left,0.7267239093780518
1772036795.4975653,Button.left,2.3726909160614014
1772036798.4220686,Button.left,2.9245033264160156
1772036799.018549,Button.left,0.5964803695678711
1772036799.9806976,Button.left,0.9621486663818359
1772036801.287995,Button.left,1.3072974681854248
1772036803.0511904,Button.left,1.763195276260376
1772036803.6672373,Button.left,0.6160469055175781
1772036805.0990605,Button.left,1.4318232536315918
1772036806.9518945,Button.left,1.8528339862823486
1772036814.13086,Button.left,7.1789655685424805
1772036815.8735096,Button.left,1.7426495552062988
1772036819.8919628,Button.left,4.018453121185303
1772036821.3234036,Button.left,1.431440830230713
1772036822.3222568,Button.left,0.9988532066345215
1772036823.88103,Button.left,1.5587732791900635
1772036825.4718447,Button.left,1.5908145904541016
1772036826.5913966,Button.left,1.1195518970489502
1772036827.6009626,Button.left,1.009566068649292
1772036844.911371,Button.left,17.310408353805542
1772036848.913615,Button.left,4.002243995666504
1772036850.3231344,Button.left,1.4095194339752197
1772036933.4955213,Button.left,83.17238688468933
1772036937.0419283,Button.left,3.5464069843292236
1772036952.5269883,Button.left,15.485059976577759
1772036962.655367,Button.left,10.128378629684448
1772036962.9062076,Button.left,0.2508406639099121
1772036963.1388721,Button.left,0.2326645851135254
1772036963.429691,Button.left,0.2908189296722412
1772036963.6319964,Button.left,0.20230531692504883
1772036965.2275412,Button.left,1.5955448150634766
1772036966.354101,Button.left,1.1265597343444824
1772036967.4545183,Button.left,1.1004173755645752
1772036968.8106997,Button.left,1.3561813831329346
1772036969.627191,Button.left,0.8164913654327393
1772036979.8216674,Button.left,10.19447636604309
1772036980.4782026,Button.left,0.6565351486206055
1772036981.8689833,Button.left,1.3907806873321533
1772036983.9655485,Button.left,2.0965652465820312
1772036984.8158405,Button.left,0.8502919673919678
1772036993.5312734,Button.left,8.71543288230896
1772036997.623752,Button.left,4.0924787521362305
1772036999.0616016,Button.left,1.437849521636963
1772037004.153844,Button.left,5.092242479324341
1772037006.286733,Button.left,2.1328887939453125
1772037036.72836,Button.left,30.441627025604248
1772037040.3328137,Button.left,3.6044538021087646
1772037040.6504812,Button.left,0.31766748428344727
1772037041.5498214,Button.left,0.8993401527404785
1772037042.6424608,Button.left,1.092639446258545
1772037042.8645153,Button.left,0.22205448150634766
1772037043.590646,Button.left,0.7261307239532471
1772037044.3805783,Button.left,0.7899322509765625
1772037044.825244,Button.left,0.44466567039489746
1772037047.8763077,Button.left,3.0510637760162354
1772037049.74549,Button.left,1.8691823482513428
1772037050.5144663,Button.left,0.7689762115478516
1772037053.0742393,Button.left,2.5597729682922363
1772037053.9994466,Button.left,0.9252073764801025
1772037055.2846298,Button.left,1.2851831912994385
1772037058.5095184,Button.left,3.224888563156128
1772037089.9195557,Button.left,31.41003727912903
1772037090.4794934,Button.left,0.5599377155303955
1772037091.3241034,Button.left,0.8446099758148193
1772037092.2502627,Button.left,0.9261593818664551
1772037096.2224815,Button.left,3.9722187519073486
1772037097.3577712,Button.left,1.1352896690368652
1772037108.3677292,Button.left,11.009958028793335
1772037111.7920296,Button.left,3.4243004322052
1772037116.330341,Button.left,4.53831148147583
1772037124.6547287,Button.left,8.324387550354004
1772037131.459908,Button.left,6.8051793575286865
1772037147.513179,Button.left,16.053271055221558
1772037149.7471242,Button.left,2.23394513130188
1772037150.804351,Button.left,1.0572268962860107
1772037152.6927216,Button.left,1.8883705139160156
1772037156.7167583,Button.left,4.024036645889282
1772037157.319324,Button.left,0.6025657653808594
1772037179.2810395,Button.left,21.96171545982361
1772037195.9968889,Button.left,16.71584939956665
1772037199.076397,Button.left,3.079508066177368
1772037218.0583122,Button.left,18.98191523551941
1772037218.2589679,Button.left,0.20065569877624512
1772037220.686496,Button.left,2.427528142929077
1772037221.8414218,Button.left,1.15492582321167
1772037222.02773,Button.left,0.1863081455230713
1772037225.637846,Button.left,3.6101160049438477
1772037226.8202446,Button.left,1.1823985576629639
1772037227.0396538,Button.left,0.21940922737121582
1772037227.6919332,Button.left,0.6522793769836426
1772037227.9109046,Button.left,0.21897149085998535
1772037228.3553333,Button.left,0.4444286823272705
1772037228.5836291,Button.left,0.22829580307006836
1772037229.1367564,Button.left,0.5531272888183594
1772037229.4926467,Button.left,0.35589027404785156
1772037229.856335,Button.left,0.36368823051452637
1772037230.0941944,Button.left,0.23785948753356934
1772037230.588577,Button.left,0.4943826198577881
1772037230.8215163,Button.left,0.2329392433166504
1772037231.3010201,Button.left,0.479503870010376
1772037232.8101916,Button.left,1.509171485900879
1772037236.8906364,Button.left,4.080444812774658
1772037237.1532173,Button.left,0.26258087158203125
1772037237.5678728,Button.left,0.4146554470062256
1772037238.9302456,Button.left,1.362372875213623
1772037242.477094,Button.left,3.5468482971191406
1772037243.3628042,Button.left,0.8857102394104004
1772037244.4622352,Button.left,1.099431037902832
1772037245.8180404,Button.left,1.3558051586151123
1772037246.038846,Button.left,0.22080564498901367
1772037250.2093327,Button.left,4.170486688613892
1772037253.2247462,Button.left,3.015413522720337
1772037256.7578452,Button.left,3.5330989360809326
1772037257.815716,Button.left,1.057870864868164
1772037258.057953,Button.left,0.24223685264587402
1772037260.6736495,Button.left,2.615696668624878
1772037260.9632685,Button.left,0.28961896896362305
1772037261.5868216,Button.left,0.6235530376434326
1772037262.8529062,Button.left,1.2660846710205078
1772037263.9447634,Button.left,1.0918571949005127
1772037264.8478765,Button.left,0.9031131267547607
1772037269.349283,Button.left,4.50140643119812
1772037270.1639538,Button.left,0.8146708011627197
1772037270.8978348,Button.left,0.7338809967041016
1772037271.7896667,Button.left,0.8918318748474121
1772037273.367388,Button.left,1.577721357345581
1772037275.6228714,Button.left,2.255483388900757
1772037276.93464,Button.left,1.3117685317993164
1772037277.1350968,Button.left,0.20045685768127441
1772037279.7557611,Button.left,2.620664358139038
1772037280.9175613,Button.left,1.1618001461029053
1772037282.0934515,Button.left,1.1758902072906494
1772037282.295577,Button.left,0.20212554931640625
1772037284.949293,Button.left,2.6537158489227295
1772037286.477725,Button.left,1.5284321308135986
1772037287.189764,Button.left,0.7120389938354492
1772037291.394688,Button.left,4.204923868179321
1772037292.902677,Button.left,1.5079891681671143
1772037294.2097473,Button.left,1.307070255279541
1772037294.7551963,Button.left,0.5454490184783936
1772037295.868921,Button.left,1.113724708557129
1772037296.2696674,Button.left,0.40074634552001953
1772037298.6217911,Button.left,2.352123737335205
1772037301.1653595,Button.left,2.5435683727264404
1772037302.023712,Button.left,0.8583524227142334
1772037303.3720443,Button.left,1.348332405090332
1772037304.0779235,Button.left,0.7058792114257812
1772037305.1455278,Button.left,1.0676043033599854
1772037310.9208517,Button.left,5.775323867797852
1772037314.5800686,Button.left,3.65921688079834
1772037316.4594238,Button.left,1.8793551921844482
1772037318.285402,Button.left,1.8259782791137695
1772037320.1185453,Button.left,1.8331432342529297
1772037321.9366214,Button.left,1.8180761337280273
1772037322.1481304,Button.left,0.21150898933410645
1772037322.31482,Button.left,0.16668963432312012
1772037325.0146644,Button.left,2.6998443603515625
1772037325.9410079,Button.left,0.9263434410095215
1772037327.0050921,Button.left,1.0640842914581299
1772037328.0151749,Button.left,1.010082721710205
1772037329.4744923,Button.left,1.4593174457550049
1772037331.3697045,Button.left,1.895212173461914
1772037331.563491,Button.left,0.19378662109375
1772037333.2786486,Button.left,1.7151575088500977
1772037334.3180327,Button.left,1.039384126663208
1772037335.749103,Button.left,1.431070327758789
1772037337.3266463,Button.left,1.5775432586669922
1772037337.5406346,Button.left,0.2139883041381836
1772037339.1051483,Button.left,1.5645136833190918
1772037339.8527591,Button.left,0.7476108074188232
1772037341.9124982,Button.left,2.059739112854004
1772037344.471008,Button.left,2.5585098266601562
1772037344.6716685,Button.left,0.20066046714782715
1772037346.3329923,Button.left,1.6613237857818604
1772037347.2954419,Button.left,0.9624495506286621
1772037348.421946,Button.left,1.1265041828155518
1772037349.5849109,Button.left,1.1629648208618164
1772037349.7848716,Button.left,0.19996070861816406
1772037351.4376757,Button.left,1.6528041362762451
1772037352.3515255,Button.left,0.9138498306274414
1772037356.4933448,Button.left,4.14181923866272
1772037357.973836,Button.left,1.4804911613464355
1772037361.3693795,Button.left,3.3955435752868652
1772037364.0674655,Button.left,2.6980860233306885
1772037366.662003,Button.left,2.5945374965667725
1772037370.668133,Button.left,4.00612998008728
1772037372.59763,Button.left,1.9294970035552979
1772037374.5680418,Button.left,1.970411777496338
1772037374.8306766,Button.left,0.2626347541809082
1772037376.553195,Button.left,1.7225184440612793
1772037377.2231598,Button.left,0.6699647903442383
1772037377.9157336,Button.left,0.6925737857818604
1772037378.5852594,Button.left,0.6695258617401123
1772037381.0152392,Button.left,2.4299798011779785
1772037385.0125089,Button.left,3.997269630432129
1772037390.1239324,Button.left,5.111423492431641
1772037390.386389,Button.left,0.26245665550231934
1772037392.040134,Button.left,1.6537449359893799
1772037394.3082402,Button.left,2.26810622215271
1772037396.0451627,Button.left,1.7369225025177002
1772037397.4763625,Button.left,1.4311997890472412
1772037397.714562,Button.left,0.23819947242736816
1772037399.0115952,Button.left,1.2970333099365234
1772037400.0499876,Button.left,1.0383923053741455
1772037400.5756774,Button.left,0.5256898403167725
1772037400.8391745,Button.left,0.26349711418151855
1772037401.0866642,Button.left,0.24748969078063965
1772037404.9863465,Button.left,3.8996822834014893
1772037405.5968053,Button.left,0.6104588508605957
1772037406.4267812,Button.left,0.8299758434295654
1772037407.2697606,Button.left,0.8429794311523438
1772037409.2817068,Button.left,2.011946201324463
1772037410.1942663,Button.left,0.9125595092773438
1772037410.4088366,Button.left,0.2145702838897705
1772037414.6894777,Button.left,4.280641078948975
1772037416.6707988,Button.left,1.981321096420288
1772037417.5140858,Button.left,0.8432869911193848
1772037417.7286026,Button.left,0.21451687812805176
1772037419.548968,Button.left,1.8203654289245605
1772037422.6965442,Button.left,3.147576093673706
1772037423.8049922,Button.left,1.1084480285644531
1772037424.019516,Button.left,0.2145237922668457
1772037425.7353346,Button.left,1.7158186435699463
1772037426.7240386,Button.left,0.9887039661407471
1772037428.6326346,Button.left,1.9085960388183594
1772037429.6228945,Button.left,0.9902598857879639
1772037429.8223696,Button.left,0.19947504997253418
1772037433.2526982,Button.left,3.430328607559204
1772037434.8162477,Button.left,1.563549518585205
1772037438.2263727,Button.left,3.4101250171661377
1772037439.8867083,Button.left,1.6603355407714844
1772037440.0736668,Button.left,0.18695855140686035
1772037441.7187436,Button.left,1.6450767517089844
1772037443.664316,Button.left,1.9455723762512207
1772037445.400629,Button.left,1.7363131046295166
1772037445.6502438,Button.left,0.24961471557617188
1772037448.8305967,Button.left,3.1803529262542725
1772037452.6268346,Button.left,3.7962379455566406
1772037453.574688,Button.left,0.9478533267974854
1772037454.2256994,Button.left,0.6510114669799805
1772037455.1175988,Button.left,0.8918993473052979
1772037455.8844597,Button.left,0.7668609619140625
1772037457.3861215,Button.left,1.501661777496338
1772037458.665722,Button.left,1.2796003818511963
1772037459.5929065,Button.left,0.9271845817565918
1772037462.2690017,Button.left,2.6760952472686768
1772037464.0671937,Button.left,1.798192024230957
1772037465.5412037,Button.left,1.4740099906921387
1772037466.2382088,Button.left,0.697005033493042
1772037466.7562833,Button.left,0.5180745124816895
1772037466.9366603,Button.left,0.18037700653076172
1772037467.8303387,Button.left,0.8936784267425537
1772037468.0519068,Button.left,0.22156810760498047
1772037469.6495552,Button.left,1.5976483821868896
1772037470.7972364,Button.left,1.1476812362670898
1772037471.8295624,Button.left,1.0323259830474854
1772037473.129727,Button.left,1.3001644611358643
1772037473.3716877,Button.left,0.24196076393127441
1772037475.1081316,Button.left,1.7364439964294434
1772037480.1298149,Button.left,5.021683216094971
1772037484.6597695,Button.left,4.529954671859741
1772037484.8827474,Button.left,0.222977876663208
1772037486.920943,Button.left,2.0381956100463867
1772037516.9737642,Button.left,30.052821159362793
1772037519.3193681,Button.left,2.3456039428710938
1772037527.4394794,Button.left,8.120111227035522
1772037528.406803,Button.left,0.9673235416412354
1772037532.2451322,Button.left,3.838329315185547
1772037535.7015066,Button.left,3.456374406814575
1772038254.5810995,Button.left,718.8795928955078
1772038321.8339472,Button.left,67.25284767150879
1772038323.2173386,Button.left,1.3833913803100586
1772038327.638624,Button.left,4.421285390853882
1772038331.793439,Button.right,4.154814958572388
1772038335.6089313,Button.left,3.8154923915863037
1772038337.9464412,Button.left,2.337509870529175
1772038347.0968666,Button.left,9.150425434112549
1772038348.3766234,Button.left,1.279756784439087
1772038349.2485619,Button.left,0.8719384670257568
1772038351.1363654,Button.left,1.887803554534912
1772038375.3378148,Button.left,0
1772038391.9232733,Button.left,0
1772078219.4610343,Button.left,0
1772078424.5022862,Button.left,205.0412518978119
1772078480.957772,Button.left,56.455485820770264
1772078489.056237,Button.left,8.098464965820312
1772079661.7507424,Button.left,0
1772079743.990561,Button.left,82.23981857299805
1772079758.6559281,Button.left,14.665367126464844
1772079765.368373,Button.left,6.71244478225708
1772079766.5225523,Button.left,1.154179334640503
1772079767.1807284,Button.left,0.6581761837005615
1772079770.8743732,Button.left,3.6936447620391846
1772079803.7726717,Button.left,32.898298501968384
1772079846.4690995,Button.left,0
1772079847.307253,Button.left,0.8381533622741699
1772079848.0879893,Button.left,0.7807364463806152
1772079864.6500218,Button.left,16.562032461166382
1772079891.7679608,Button.left,27.117938995361328
1772079895.9792151,Button.left,4.211254358291626
1772079896.3187447,Button.left,0.33952951431274414
1772079897.088492,Button.left,0.769747257232666
1772079899.4296958,Button.left,2.3412039279937744
1772079904.4801908,Button.left,5.050494909286499
1772079926.472385,Button.left,21.992194175720215
1772079938.075913,Button.left,11.603528022766113
1772079939.8104105,Button.left,1.7344975471496582
1772080154.3444653,Button.left,0
1772080158.3635237,Button.left,4.019058465957642
1772080178.034243,Button.left,19.670719385147095
1772080229.7466402,Button.left,51.71239709854126
1772080239.3006446,Button.left,9.554004430770874
1772080244.3430514,Button.left,5.042406797409058
1772080248.2167084,Button.left,3.873656988143921
1772080249.1701527,Button.left,0.953444242477417
1772080250.4456701,Button.left,1.275517463684082
1772080253.653892,Button.left,3.208221912384033
1772080255.0556865,Button.left,1.40179443359375
1772080255.2559812,Button.left,0.20029473304748535
1772080257.363796,Button.left,2.1078147888183594
1772080266.5894296,Button.left,9.22563362121582
1772080267.6701794,Button.left,1.080749750137329
1772080276.668056,Button.left,8.997876644134521
1772080279.2819562,Button.left,2.6139001846313477
1772080284.6234763,Button.left,5.341520071029663
1772080286.1490004,Button.left,1.5255241394042969
1772080288.0096056,Button.left,1.860605239868164
1772080292.995232,Button.left,4.985626459121704
1772080293.8584852,Button.left,0.863253116607666
1772080296.0320275,Button.left,2.1735422611236572
1772080304.770858,Button.left,8.73883056640625
1772080356.9982836,Button.left,52.22742557525635
1772080359.606195,Button.left,2.6079113483428955
1772080362.663147,Button.left,3.0569519996643066
1772080363.8894498,Button.left,1.2263028621673584
1772080364.478004,Button.left,0.5885541439056396
1772080370.504444,Button.left,6.026439905166626
1772080371.6618874,Button.left,1.1574435234069824
1772080373.8076887,Button.left,2.145801305770874
1772080376.4863122,Button.left,2.6786234378814697
1772080386.104116,Button.left,9.617803812026978
1772080389.1664786,Button.left,3.0623626708984375
1772080391.064777,Button.left,1.8982982635498047
1772080393.2731006,Button.left,2.2083237171173096
1772080394.5321877,Button.left,1.259087085723877
1772080402.9334176,Button.left,8.401229858398438
1772080415.6901243,Button.left,12.756706714630127
1772080432.728389,Button.left,17.038264751434326
1772080449.733226,Button.left,17.004837036132812
1772080452.893383,Button.left,3.1601569652557373
1772080454.840688,Button.left,1.9473049640655518
1772080486.2078001,Button.left,31.367112159729004
1772080487.710089,Button.left,1.502288818359375
1772080560.3020258,Button.left,72.59193682670593
1772080564.4983625,Button.left,4.19633674621582
1772080564.7481189,Button.left,0.2497563362121582
1772080608.5940022,Button.left,43.8458833694458
1772080622.0786905,Button.left,13.48468828201294
1772080629.6303122,Button.left,7.551621675491333
1772080635.4033313,Button.left,5.773019075393677
1772080642.5677392,Button.left,7.164407968521118
1772080645.9818094,Button.left,3.4140701293945312
1772080649.6193912,Button.left,3.6375818252563477
1772080650.0625966,Button.left,0.4432053565979004
1772080651.307332,Button.left,1.2447354793548584
1772080652.3715487,Button.left,1.0642166137695312
1772080652.7720664,Button.left,0.40051770210266113
1772080655.1875052,Button.left,2.4154388904571533
1772080658.9167588,Button.left,3.7292535305023193
1772080660.470065,Button.left,1.5533063411712646
1772080664.0178163,Button.left,3.5477511882781982
1772080665.7959368,Button.left,1.778120517730713
1772080667.0057156,Button.left,1.2097787857055664
1772080753.8284385,Button.left,86.82272291183472
1772080754.870455,Button.left,1.0420165061950684
1772080755.8106885,Button.left,0.9402334690093994
1772080756.6270907,Button.left,0.8164021968841553
1772080854.0967748,Button.left,97.46968412399292
1772080862.345938,Button.left,8.249163150787354
1772080864.797362,Button.left,2.4514241218566895
1772080870.966664,Button.left,6.169301986694336
1772080871.7629452,Button.left,0.796281099319458
1772080876.6907213,Button.left,4.927776098251343
1772080881.3638043,Button.left,4.673083066940308
1772080884.047985,Button.left,2.684180736541748
1772080885.5496886,Button.left,1.5017035007476807
1772080887.9832914,Button.left,2.433602809906006
1772080890.632173,Button.left,2.648881673812866
1772080897.389535,Button.left,6.757361888885498
1772080946.0184453,Button.left,48.628910303115845
1772080946.9867363,Button.left,0.9682910442352295
1772080950.1558778,Button.left,3.1691415309906006
1772080951.2901363,Button.left,1.134258508682251
1772080969.1518388,Button.left,17.86170244216919
1772081010.2819653,Button.left,41.13012647628784
1772081033.3523848,Button.left,23.070419549942017
1772081033.9065466,Button.left,0.554161787033081
1772081039.208924,Button.left,5.302377462387085
1772081046.7614655,Button.left,7.552541494369507
1772081047.2306888,Button.left,0.4692232608795166
1772081051.2963622,Button.left,4.065673351287842
1772084708.770516,Button.left,0
1772084719.2688656,Button.left,10.498349666595459
1772084724.0877266,Button.left,4.81886100769043
1772084727.7799726,Button.left,3.6922459602355957
1772084730.0809813,Button.left,2.301008701324463
1772084793.6854732,Button.left,63.60449194908142
1772084796.8135588,Button.left,3.1280856132507324
1772084798.9602578,Button.left,2.1466989517211914
1772084804.1805463,Button.left,5.220288515090942
1772084811.5855007,Button.left,7.404954433441162
1772084812.5470717,Button.left,0.9615709781646729
1772084820.28368,Button.left,7.736608266830444
1772084825.894565,Button.left,5.610885143280029
1772084827.3626153,Button.left,1.468050241470337
1772084829.3904886,Button.left,2.0278732776641846
1772084830.7388854,Button.left,1.3483967781066895
1772084833.0975106,Button.left,2.3586251735687256
1772084835.379209,Button.left,2.28169846534729
1772084851.6252003,Button.left,16.245991230010986
1772084857.0248015,Button.left,5.399601221084595
1772084859.86688,Button.left,2.842078447341919
1772084863.5998225,Button.left,3.732942581176758
1772084885.0840578,Button.left,21.484235286712646
1772084964.4781873,Button.left,79.39412951469421
1772084967.5416923,Button.left,3.063504934310913
1772084967.990886,Button.left,0.44919371604919434
1772084969.1391118,Button.left,1.1482257843017578
1772084990.329765,Button.left,21.190653324127197
1772085000.8675344,Button.left,10.537769317626953
1772085003.176092,Button.left,2.3085575103759766
1772085004.1580343,Button.left,0.9819424152374268
1772085026.7806058,Button.left,22.62257146835327
1772085027.38935,Button.left,0.6087441444396973
1772085028.8423023,Button.left,1.4529523849487305
1772085036.0279894,Button.left,7.185687065124512
1772085037.8184826,Button.left,1.7904932498931885
1772085041.690902,Button.left,3.8724193572998047
1772085042.8463554,Button.left,1.1554534435272217
1772085044.0565567,Button.left,1.2102012634277344
1772085050.9296703,Button.left,6.873113632202148
1772085053.446794,Button.left,2.5171236991882324
1772085055.6801155,Button.left,2.23332142829895
1772085057.9070687,Button.left,2.2269532680511475
1772085058.8750513,Button.left,0.9679825305938721
1772085060.0020406,Button.left,1.1269893646240234
1772085061.8848124,Button.left,1.8827717304229736
1772085063.862475,Button.left,1.9776625633239746
1772085065.9231186,Button.left,2.0606436729431152
1772085066.6149096,Button.left,0.6917910575866699
1772085068.2469616,Button.left,1.632051944732666
1772085076.7937996,Button.left,8.54683804512024
1772085086.3354523,Button.left,9.54165267944336
1772085087.6833951,Button.left,1.34794282913208
1772085098.9227345,Button.left,11.239339351654053
1772085099.597351,Button.left,0.6746165752410889
1772085100.8902278,Button.left,1.2928767204284668
1772085101.4853854,Button.left,0.5951576232910156
1772085105.5221968,Button.left,4.036811351776123
1772085127.5307446,Button.left,0
1772085132.3782647,Button.left,4.847520112991333
1772085134.4316733,Button.left,2.053408622741699
1772085135.620439,Button.left,1.1887657642364502
1772085140.3141563,Button.left,4.6937172412872314
1772085158.6432128,Button.left,18.32905650138855
1772085162.2184615,Button.left,3.5752487182617188
1772085178.2661848,Button.left,16.047723293304443
1772085179.462316,Button.left,1.1961312294006348
1772085202.568379,Button.left,23.10606288909912
1772085213.0216055,Button.left,10.453226566314697
1772085214.4124491,Button.left,1.3908436298370361
1772085216.8129146,Button.left,2.400465488433838
1772085219.523156,Button.left,2.7102413177490234
1772085223.520506,Button.left,3.997349977493286
1772085223.694632,Button.left,0.17412614822387695
1772085225.4674773,Button.left,1.7728452682495117
1772085225.6419427,Button.left,0.17446541786193848
1772085226.064932,Button.left,0.4229893684387207
1772085231.5067973,Button.left,5.4418652057647705
1772085232.350522,Button.left,0.8437247276306152
1772085233.0140822,Button.left,0.663560152053833
1772085251.6121676,Button.left,18.598085403442383
1772085256.397083,Button.left,4.784915447235107
1772085257.3645918,Button.left,0.9675087928771973
1772085258.4012072,Button.left,1.0366153717041016
1772085260.8699417,Button.left,2.4687345027923584
1772085261.5265565,Button.left,0.6566147804260254
1772085265.2811,Button.left,3.7545435428619385
1772085269.7756155,Button.left,4.494515419006348
1772085272.7002347,Button.left,2.924619197845459
1772085275.85349,Button.left,3.1532554626464844
1772085295.625099,Button.left,19.77160882949829
1772085296.2182145,Button.left,0.5931155681610107
1772085298.2030473,Button.left,1.984832763671875
1772085302.768091,Button.left,4.565043687820435
1772085314.4606771,Button.left,11.692586183547974
1772085320.63026,Button.left,6.169582843780518
1772085322.1662662,Button.left,1.536006212234497
1772085322.6631272,Button.left,0.49686098098754883
1772085326.4748278,Button.left,3.8117005825042725
1772085368.2772686,Button.left,0
1772085369.4176261,Button.left,1.140357494354248
1772085410.688326,Button.left,41.27069973945618
1772085412.4504125,Button.left,1.7620866298675537
1772085416.3615735,Button.left,3.911160945892334
1772085424.8455925,Button.left,8.484019041061401
1772085431.4912841,Button.left,6.645691633224487
1772085432.6915011,Button.left,1.2002170085906982
1772085468.9423716,Button.left,36.2508704662323
1772085470.1879575,Button.left,1.2455859184265137
1772085483.6109724,Button.left,13.423014879226685
1772085489.163222,Button.left,5.5522496700286865
1772085495.1718252,Button.left,6.008603096008301
1772085514.6980004,Button.left,19.526175260543823
1772085515.2113717,Button.right,0.5133712291717529
1772085516.3242304,Button.left,1.112858772277832
1772085554.1781912,Button.left,37.85396075248718
1772085555.6727862,Button.left,1.4945950508117676
1772085565.1660283,Button.left,9.493242025375366
1772085572.7566714,Button.right,7.5906431674957275
1772085573.8429625,Button.left,1.0862910747528076
1772085576.7862875,Button.left,2.9433250427246094
1772085581.426123,Button.left,4.639835357666016
1772085711.1456757,Button.left,129.71955275535583
1772085741.1827962,Button.left,30.037120580673218
1772085747.4942937,Button.left,6.311497449874878
1772085748.1449888,Button.left,0.6506950855255127
1772085783.1479738,Button.left,35.00298500061035
1772085790.7967155,Button.left,7.648741722106934
1772085802.9979405,Button.left,12.20122504234314
1772085816.6775246,Button.left,13.67958402633667
1772085821.394625,Button.left,4.717100381851196
1772085831.2055075,Button.left,9.810882568359375
1772085834.0549712,Button.left,2.849463701248169
1772085850.6140447,Button.left,16.559073448181152
1772085853.4847136,Button.left,2.870668888092041
1772085855.1917715,Button.left,1.7070579528808594
1772085856.160821,Button.left,0.9690494537353516
1772085858.4011865,Button.left,2.240365505218506
1772085880.754667,Button.left,22.353480577468872
1772085883.803868,Button.left,3.049201011657715
1772085889.5641184,Button.left,5.7602503299713135
1772085892.3720725,Button.left,2.8079540729522705
1772086033.4614098,Button.left,141.089337348938
1772086035.2896347,Button.left,1.8282248973846436
1772086041.517985,Button.left,6.228350400924683
1772086042.5330796,Button.left,1.015094518661499
1772086044.850991,Button.left,2.317911386489868
1772086045.695074,Button.left,0.8440830707550049
1772086046.5199323,Button.left,0.8248581886291504
1772086047.9825459,Button.left,1.462613582611084
1772086051.8396318,Button.left,3.857085943222046
1772086053.2780576,Button.left,1.4384257793426514
1772086066.4920447,Button.left,13.213987112045288
1772086067.4098518,Button.left,0.9178071022033691
1772086067.8121505,Button.left,0.4022986888885498
1772086068.075727,Button.left,0.2635765075683594
1772086068.8095067,Button.left,0.7337796688079834
1772086071.8285527,Button.left,3.0190460681915283
1772086072.8224273,Button.left,0.9938745498657227
1772086073.9762702,Button.left,1.1538429260253906
1772086075.5910068,Button.left,1.614736557006836
1772086075.8072584,Button.left,0.21625161170959473
1772086075.967808,Button.left,0.16054964065551758
1772086076.1375437,Button.left,0.16973567008972168
1772086076.3183246,Button.left,0.18078088760375977
1772086077.1339402,Button.left,0.8156156539916992
1772086083.4135084,Button.left,6.279568195343018
1772086088.7960172,Button.left,5.382508754730225
1772086090.233007,Button.left,1.4369897842407227
1772086093.9606254,Button.left,3.727618455886841
1772086096.0534384,Button.left,2.092813014984131
1772086098.9944942,Button.left,2.9410557746887207
1772086149.5891166,Button.left,50.59462237358093
1772086154.1187756,Button.left,4.529659032821655
1772086154.2763958,Button.left,0.15762019157409668
1772086158.0984504,Button.left,3.822054624557495
1772086158.7559922,Button.left,0.6575417518615723
1772086162.3008878,Button.left,3.544895648956299
1772086169.1814976,Button.left,6.880609750747681
1772086189.2397792,Button.left,20.058281660079956
1772086190.9829159,Button.left,1.7431366443634033
1772086192.1451693,Button.left,1.1622533798217773
1772086200.9879506,Button.left,8.84278130531311
1772086203.987162,Button.left,2.999211549758911
1772086209.5671515,Button.left,5.579989433288574
1772086212.3254874,Button.left,2.758335828781128
1772086222.4861348,Button.left,10.16064739227295
1772086224.063047,Button.left,1.5769121646881104
1772086228.4115255,Button.left,4.348478555679321
1772086229.3236337,Button.left,0.9121081829071045
1772086238.9772034,Button.left,9.65356969833374
1772086241.294065,Button.left,2.316861629486084
1772086247.3572953,Button.left,6.063230276107788
1772086248.622331,Button.left,1.265035629272461
1772086255.735689,Button.left,7.113358020782471
1772086257.3822026,Button.left,1.6465137004852295
1772086330.2223313,Button.left,72.84012866020203
1772086335.3263779,Button.left,5.104046583175659
1772086340.0900233,Button.left,4.76364541053772
1772086344.9147372,Button.left,4.824713945388794
1772086348.061617,Button.left,3.1468796730041504
1772086357.623068,Button.left,9.561451196670532
1772086396.9303603,Button.left,39.307292222976685
1772086400.3862102,Button.left,3.4558498859405518
1772086402.05863,Button.left,1.672419786453247
1772086407.4665773,Button.left,5.407947301864624
1772086448.3338666,Button.left,40.867289304733276
1772086449.4586773,Button.left,1.1248106956481934
1772086452.2393467,Button.left,2.7806694507598877
1772090657.1080081,Button.left,0
1772090673.1140985,Button.left,16.00609040260315
1772090673.3596778,Button.left,0.24557924270629883
1772090674.372415,Button.left,1.0127372741699219
1772090674.9373872,Button.left,0.5649721622467041
1772090677.5383565,Button.left,2.6009693145751953
1772090678.2428746,Button.left,0.7045180797576904
1772090691.9108424,Button.left,13.667967796325684
1772090694.0063012,Button.left,2.095458745956421
1772090698.1119723,Button.left,4.105671167373657
1772090700.7067065,Button.left,2.5947341918945312
1772090701.6907794,Button.left,0.9840729236602783
1772090702.265345,Button.left,0.5745656490325928
1772090730.5766673,Button.left,28.31132221221924
1772090734.7257435,Button.left,4.149076223373413
1772090737.552416,Button.left,2.8266725540161133
1772090742.7315707,Button.left,5.179154634475708
1772090749.4934988,Button.left,6.761928081512451
1772090750.939138,Button.left,1.4456391334533691
1772090765.160249,Button.left,14.221111059188843
1772090766.432848,Button.left,1.2725989818572998
1772090768.3121436,Button.left,1.8792955875396729
1772090769.0897539,Button.left,0.7776103019714355
1772090769.4318664,Button.left,0.34211254119873047
1772090770.9881144,Button.left,1.5562479496002197
1772090772.0053124,Button.left,1.017198085784912
1772090773.7902803,Button.left,1.7849678993225098
1772090810.5994806,Button.left,36.809200286865234
1772090812.6820028,Button.left,2.08252215385437
1772090816.5607197,Button.left,3.8787169456481934
1772090818.6277494,Button.left,2.0670297145843506
1772090819.3261151,Button.left,0.6983656883239746
1772090821.559253,Button.left,2.233137845993042
1772090826.7929974,Button.left,5.233744382858276
1772090828.196565,Button.left,1.4035675525665283
1772187772.8022985,Button.right,0
1772187782.5090184,Button.left,9.706719875335693
1772187787.3845913,Button.left,4.875572919845581
1772187790.2289128,Button.left,2.8443214893341064
1772187793.838184,Button.left,3.609271287918091
1772187794.7660265,Button.left,0.927842378616333
1772187795.2086406,Button.left,0.4426140785217285
1772187800.5012293,Button.left,5.292588710784912
1772187801.8220718,Button.left,1.3208425045013428
1772187806.385789,Button.left,4.5637171268463135
1772187807.0492516,Button.left,0.6634626388549805
1772188219.7434654,Button.left,412.6942138671875
1772188255.565027,Button.left,35.82156157493591
1772188259.0859358,Button.left,3.520908832550049
1772188264.3706994,Button.left,5.28476357460022
1772188265.8513913,Button.left,1.480691909790039
1772188266.6684773,Button.left,0.8170859813690186
1772188269.0681775,Button.left,2.399700164794922
1772188272.097083,Button.left,3.0289056301116943
1772188272.289057,Button.left,0.19197392463684082
1772188272.474847,Button.left,0.1857900619506836
1772188274.3240855,Button.left,1.849238395690918
1772188275.637426,Button.right,1.313340425491333
1772188277.4369097,Button.left,1.7994837760925293
1772188288.0888813,Button.left,10.651971578598022
1772188289.0501149,Button.left,0.9612336158752441
1772188292.1299818,Button.left,3.079866886138916
1772188531.5232482,Button.left,239.39326643943787
1772188548.3239157,Button.left,16.80066752433777
1772188557.2624438,Button.left,8.938528060913086
1772188565.0159855,Button.left,7.753541707992554
1772188578.6487215,Button.left,13.632735967636108
1772188597.7991254,Button.left,19.15040397644043
1772188608.3260937,Button.left,10.526968240737915
1772188613.5182965,Button.left,5.192202806472778
1772188614.557024,Button.left,1.0387275218963623
1772188668.5336788,Button.left,53.97665476799011
1772188672.1580904,Button.left,3.6244115829467773
1772188672.9186602,Button.left,0.7605698108673096
1772188686.504214,Button.left,13.585553884506226
1772188703.427021,Button.left,16.922806978225708
1772188705.950245,Button.left,2.523223876953125
1772188708.1302977,Button.left,2.1800527572631836
1772188709.540084,Button.left,1.4097862243652344
1772188712.799072,Button.left,3.25898814201355
1772188714.963178,Button.left,2.1641058921813965
1772188796.9731188,Button.left,82.00994086265564
1772188798.1577942,Button.left,1.1846754550933838
1772188801.8473885,Button.right,3.689594268798828
1772188803.0237634,Button.left,1.176374912261963
1772188804.4273982,Button.left,1.403634786605835
1772189051.2948225,Button.right,246.86742424964905
1772189052.421313,Button.left,1.126490592956543
1772189109.8308501,Button.left,57.40953707695007
1772189116.4374068,Button.left,6.60655665397644
1772189132.5110266,Button.left,16.073619842529297
1772189138.2091393,Button.left,5.698112726211548
1772189145.6782074,Button.left,7.4690680503845215
1772189153.597664,Button.left,7.919456720352173
1772189227.466194,Button.left,73.86852979660034
1772189231.6850321,Button.left,4.218838214874268
1772189237.7520804,Button.left,6.0670483112335205
1772189243.04205,Button.left,5.289969444274902
1772189248.9629755,Button.left,5.920925617218018
1772189251.4260833,Button.left,2.4631078243255615
1772189259.2703419,Button.left,7.844258546829224
1772189294.1521862,Button.left,34.88184428215027
1772189296.408941,Button.left,2.2567548751831055
1772189318.61247,Button.left,22.203528881072998
1772189323.0075989,Button.left,4.395128965377808
1772189324.1574683,Button.left,1.149869441986084
1772189329.0764782,Button.left,4.9190099239349365
1772189341.7410786,Button.left,12.664600372314453
1772189358.3602254,Button.left,16.619146823883057
1772189362.9109516,Button.left,4.5507261753082275
1772189366.7289355,Button.left,3.817983865737915
1772189378.2797613,Button.left,11.550825834274292
1772189380.9560506,Button.left,2.6762893199920654
1772189383.3638928,Button.left,2.4078421592712402
1772189390.8607676,Button.left,7.496874809265137
1772189397.9783354,Button.left,7.117567777633667
1772189398.5596457,Button.left,0.5813102722167969
1772189402.8903573,Button.left,4.330711603164673
1772189420.3870492,Button.left,17.496691942214966
1772189422.8727753,Button.left,2.4857261180877686
1772189423.8152807,Button.left,0.9425053596496582
1772189427.0745947,Button.left,3.2593140602111816
1772189441.7784986,Button.left,14.703903913497925
1772189451.5885108,Button.left,9.810012102127075
1772189452.8342698,Button.left,1.2457590103149414
1772189456.278065,Button.left,3.4437952041625977
1772189463.209265,Button.left,6.93120002746582
1772189469.626891,Button.left,6.417625904083252
1772189476.54559,Button.left,6.918699026107788
1772189482.358542,Button.left,5.812952041625977
1772189483.795733,Button.left,1.4371910095214844
1772189501.5042615,Button.left,17.708528518676758
1772189519.256244,Button.left,17.75198245048523
1772189604.0199785,Button.left,84.7637345790863
1772189606.912106,Button.left,2.892127513885498
1772189650.5419497,Button.left,43.62984371185303
1772189656.1947572,Button.left,5.6528074741363525
1772189680.7875223,Button.left,24.59276509284973
1772189691.7301497,Button.left,10.942627429962158
1772192385.0488806,Button.left,2693.3187308311462
1772192405.3738248,Button.left,20.324944257736206
1772192410.1267653,Button.left,4.75294041633606
1772192411.5603385,Button.left,1.4335732460021973
1772192414.091439,Button.left,2.5311005115509033
1772192443.4265418,Button.left,29.335102796554565
1772192468.766581,Button.left,25.340039253234863
1772192475.198983,Button.left,6.432401895523071
1772192491.5464692,Button.left,16.3474862575531
1772192503.731544,Button.left,12.185074806213379
1772192525.3833501,Button.left,21.651806116104126
1772192532.9571407,Button.left,7.573790550231934
1772192535.6057105,Button.left,2.6485698223114014
1772192536.6587355,Button.left,1.0530250072479248
1772192537.9396389,Button.left,1.2809033393859863
1772192541.9146013,Button.left,3.9749624729156494
1772192574.3307178,Button.left,32.41611647605896
1772192575.1334121,Button.left,0.8026943206787109
1772192578.3322134,Button.left,3.198801279067993
1772192581.2652178,Button.left,2.933004379272461
1772192582.6903894,Button.left,1.4251716136932373
1772192583.563087,Button.left,0.8726975917816162
1772192585.7099557,Button.left,2.1468687057495117
1772192586.8872216,Button.left,1.1772658824920654
1772192588.743892,Button.left,1.8566703796386719
1772192589.8950868,Button.left,1.1511948108673096
1772192590.4632123,Button.left,0.5681254863739014
1772192610.0980787,Button.left,19.63486647605896
1772192615.450006,Button.left,5.351927280426025
1772192633.546152,Button.left,18.09614610671997
1772192656.5129316,Button.left,22.966779470443726
1772192664.3362,Button.left,7.823268413543701
1772192668.4870226,Button.left,4.150822639465332
1772192669.275319,Button.left,0.7882964611053467
1772192673.619465,Button.left,4.344146013259888
1772192675.3356786,Button.left,1.7162134647369385
1772192676.3739388,Button.left,1.0382602214813232
1772192709.0014052,Button.left,32.627466440200806
1772192714.854816,Button.left,5.853410720825195
1772192721.3011734,Button.left,6.446357488632202
1772192728.5451798,Button.left,7.244006395339966
1772192729.3542569,Button.left,0.8090770244598389
1772192730.4416432,Button.left,1.0873863697052002
1772192732.6062312,Button.left,2.16458797454834
1772192738.093389,Button.left,5.487157821655273
1772192738.4799662,Button.left,0.38657712936401367
1772192739.754451,Button.left,1.2744848728179932
1772192741.4502711,Button.left,1.6958200931549072
1772192744.312798,Button.left,2.8625268936157227
1772192745.689497,Button.left,1.3766989707946777
1772192746.188083,Button.left,0.49858593940734863
1772192747.6415555,Button.left,1.45347261428833
1772192757.1548307,Button.left,9.513275146484375
1772192757.8741102,Button.left,0.7192795276641846
1772192758.9186785,Button.left,1.0445683002471924
1772192765.569661,Button.left,6.65098237991333
1772192774.4198134,Button.right,8.850152492523193
1772192775.6213212,Button.left,1.201507806777954
1772192788.1508083,Button.left,12.529487133026123
1772192789.4246318,Button.left,1.2738234996795654
1772192792.173033,Button.left,2.748401165008545
1772192795.088456,Button.left,2.9154229164123535
1772192834.376311,Button.left,39.28785514831543
1772192847.1393068,Button.left,12.762995719909668
1772192847.9430392,Button.left,0.8037323951721191
1772192866.3627965,Button.left,18.41975736618042
1772192875.160374,Button.left,8.797577381134033
1772192881.4563315,Button.left,6.295957565307617
1772192889.4437356,Button.left,7.987404108047485
1772192899.829142,Button.left,10.385406494140625
1772192920.5765538,Button.left,20.747411727905273
1772192924.4776528,Button.left,3.9010989665985107
1772192930.2409554,Button.left,5.763302564620972
1772192930.4344652,Button.left,0.19350981712341309
1772192939.9818764,Button.left,9.5474112033844
1772192946.7137208,Button.left,6.731844425201416
1772192947.6143806,Button.left,0.9006597995758057
1772192965.8165698,Button.left,18.202189207077026
1772192970.9504268,Button.left,5.133857011795044
1772192984.5950217,Button.left,13.64459490776062
1772192990.3090239,Button.left,5.7140021324157715
1772192991.1966312,Button.left,0.8876073360443115
1772192999.0142949,Button.left,7.817663669586182
1772193001.0977879,Button.left,2.0834929943084717
1772193001.6519551,Button.left,0.5541672706604004
1772193009.4483938,Button.left,7.796438694000244
1772193016.042382,Button.left,6.5939881801605225
1772193018.0951838,Button.left,2.0528018474578857
1772193019.2942822,Button.left,1.1990983486175537
1772193021.558011,Button.left,2.2637288570404053
1772193028.281909,Button.left,6.723897933959961
1772193029.880084,Button.left,1.598175048828125
1772193034.1763127,Button.left,4.296228647232056
1772193035.913866,Button.left,1.737553358078003
1772193037.1681561,Button.left,1.2542901039123535
1772193043.858293,Button.left,6.690136909484863
1772193048.3521242,Button.left,4.493831157684326
1772193057.9755127,Button.left,9.623388528823853
1772193067.9580145,Button.left,9.982501745223999
1772193071.1354196,Button.left,3.1774051189422607
1772193072.0836883,Button.left,0.9482686519622803
1772193072.5399582,Button.left,0.4562699794769287
1772193076.0767918,Button.left,3.5368335247039795
1772193078.0362995,Button.left,1.959507703781128
1772193086.5962977,Button.left,8.559998273849487
1772193088.023545,Button.left,1.4272472858428955
1772193098.6050415,Button.left,10.581496477127075
1772193099.2618155,Button.left,0.6567740440368652
1772193102.4311373,Button.left,3.1693217754364014
1772193108.775389,Button.left,6.34425163269043
1772193147.0759456,Button.left,38.300556659698486
1772193150.2455192,Button.left,3.1695735454559326
1772193151.1387677,Button.left,0.8932485580444336
1772193152.1070266,Button.left,0.9682588577270508
1772193153.8496804,Button.right,1.7426538467407227
1772193155.8172903,Button.left,1.9676098823547363
1772193161.8279414,Button.left,6.010651111602783
1772193169.7841606,Button.left,7.95621919631958
1772193193.5410285,Button.left,23.7568678855896
1772193211.4285748,Button.left,17.88754630088806
1772193220.3692951,Button.left,8.940720319747925
1772193226.0410886,Button.left,5.671793460845947
1772193227.024854,Button.left,0.9837653636932373
1772193227.6268492,Button.left,0.6019952297210693
1772193228.9131606,Button.left,1.286311388015747
1772193256.2405667,Button.left,27.32740616798401
1772193281.8296237,Button.left,25.589056968688965
1772193285.8430111,Button.left,4.013387441635132
1772193290.243258,Button.left,4.400246858596802
1772193297.6273239,Button.left,7.384065866470337
1772193303.8545437,Button.left,6.227219820022583
1772193304.7204146,Button.left,0.8658709526062012
1772193306.6528587,Button.left,1.9324440956115723
1772193333.9607882,Button.left,27.307929515838623
1772193338.7279298,Button.left,4.767141580581665
1772193344.3148754,Button.left,5.586945533752441
1772193344.865379,Button.left,0.5505037307739258
1772193346.827322,Button.left,1.9619429111480713
1772193351.133903,Button.left,4.306581020355225
1772193360.1274624,Button.left,8.99355936050415
1772193367.780511,Button.left,7.653048515319824
1772193406.0244288,Button.left,38.24391794204712
1772193407.4800425,Button.left,1.455613613128662
1772193409.6080136,Button.left,2.1279711723327637
1772193412.0157049,Button.left,2.407691240310669
1772193437.1779325,Button.left,25.162227630615234
1772193512.6499655,Button.left,75.47203302383423
1772193516.3723004,Button.left,3.722334861755371
1772193516.8841028,Button.left,0.5118024349212646
1772193518.3515532,Button.left,1.4674503803253174
1772193518.8291113,Button.left,0.4775581359863281
1772193527.7868528,Button.left,8.957741498947144
1772193530.39521,Button.left,2.6083571910858154
1772193530.8580027,Button.left,0.46279263496398926
1772193534.5596902,Button.left,3.7016875743865967
1772193545.012012,Button.left,10.452321767807007
1772193546.4190683,Button.left,1.4070563316345215
1772193547.238533,Button.left,0.8194646835327148
1772193548.124809,Button.left,0.8862760066986084
1772193550.7905636,Button.left,2.665754556655884
1772193554.8743653,Button.left,4.083801746368408
1772193556.0018454,Button.left,1.1274800300598145
1772193559.021087,Button.left,3.0192415714263916
1772193562.155833,Button.left,3.1347460746765137
1772193563.6790268,Button.left,1.5231938362121582
1772193569.0908966,Button.left,5.411869764328003
1772193570.7920985,Button.left,1.7012019157409668
1772193573.9072442,Button.left,3.115145683288574
1772193575.7064023,Button.left,1.7991580963134766
1772193578.369165,Button.left,2.6627626419067383
1772193579.2903354,Button.left,0.9211704730987549
1772193597.5244784,Button.left,18.234143018722534
1772193611.9142787,Button.left,14.389800310134888
1772193638.078254,Button.left,26.16397523880005
1772193639.3225124,Button.left,1.2442584037780762
1772193641.76044,Button.left,2.437927722930908
1772193686.681107,Button.left,44.92066693305969
1772193707.8136158,Button.left,21.132508754730225
1772193724.2211266,Button.left,16.40751075744629
1772193753.9760554,Button.left,29.754928827285767
1772193783.91527,Button.left,29.9392147064209
1772193789.6087804,Button.left,5.693510293960571
1772193790.683318,Button.left,1.0745375156402588
1772193792.136517,Button.left,1.4531991481781006
1772193794.9058542,Button.left,2.7693371772766113
1772193795.3761728,Button.left,0.4703185558319092
1772193796.1383412,Button.left,0.7621684074401855
1772193796.8602486,Button.left,0.721907377243042
1772193809.4614959,Button.left,12.601247310638428
1772193810.797699,Button.left,1.3362030982971191
1772193811.3514502,Button.left,0.5537512302398682
1772193815.058311,Button.left,3.7068607807159424
1772193828.3426485,Button.left,13.284337520599365
1772193835.9928458,Button.left,7.650197267532349
1772193836.5826676,Button.left,0.5898218154907227
1772193837.7483916,Button.left,1.1657240390777588
1772193839.2488616,Button.left,1.5004699230194092
1772193840.2867136,Button.left,1.0378520488739014
1772193857.5211112,Button.left,17.234397649765015
1772193858.7980993,Button.left,1.2769880294799805
1772193866.1315486,Button.left,7.333449363708496
1772193874.8781435,Button.left,8.746594905853271
1772193893.8388517,Button.left,18.960708141326904
1772193895.5550508,Button.left,1.7161991596221924
1772193897.5761025,Button.left,2.0210516452789307
1772193899.0376334,Button.left,1.4615309238433838
1772193907.877709,Button.left,8.840075492858887
1772193908.8116639,Button.left,0.9339549541473389
1772193909.870245,Button.left,1.0585811138153076
1772193910.090093,Button.left,0.2198479175567627
1772193910.7624,Button.left,0.672307014465332
1772193910.9783792,Button.left,0.21597933769226074
1772193912.166722,Button.left,1.188342809677124
1772193913.3768349,Button.left,1.2101128101348877
1772193913.6322126,Button.left,0.25537776947021484
1772193913.992921,Button.left,0.36070847511291504
1772193915.0333157,Button.left,1.0403945446014404
1772193916.2226508,Button.left,1.1893351078033447
1772193922.2217193,Button.left,5.99906849861145
1772193923.3714929,Button.left,1.1497735977172852
1772193973.7118084,Button.left,50.34031558036804
1772193987.8642642,Button.left,14.152455806732178
1772193989.7948573,Button.left,1.9305930137634277
1772193991.290947,Button.left,1.4960896968841553
1772193992.4804635,Button.left,1.189516544342041
1772193993.649358,Button.left,1.1688945293426514
1772193994.731115,Button.left,1.0817570686340332
1772194000.050382,Button.left,5.3192667961120605
1772194019.4592443,Button.left,19.408862352371216
1772194044.9865885,Button.left,25.527344226837158
1772194051.3726823,Button.left,6.386093854904175
1772194053.2882748,Button.left,1.9155924320220947
1772194114.0062664,Button.left,60.71799159049988
1772194125.5545175,Button.left,11.548251152038574
1772194127.8514779,Button.left,2.2969603538513184
1772194129.3802834,Button.left,1.5288054943084717
1772194130.59762,Button.left,1.217336654663086
1772194131.3655798,Button.left,0.7679598331451416
1772194146.443327,Button.left,15.077747106552124
1772194260.9492788,Button.left,114.50595188140869
1772194274.928869,Button.left,13.97959017753601
1772194278.0267835,Button.left,3.097914457321167
1772194316.032963,Button.left,38.00617957115173
1772194320.03182,Button.left,3.998857021331787
1772194325.351705,Button.left,5.319885015487671
1772194329.1115713,Button.left,3.759866237640381
1772194331.2693734,Button.left,2.157802104949951
1772194333.358503,Button.left,2.089129686355591
1772194338.5196323,Button.left,5.1611292362213135
1772194348.7036138,Button.left,10.18398141860962
1772194365.556777,Button.left,16.853163242340088
1772194381.1941988,Button.left,15.63742184638977
1772194382.2463233,Button.left,1.0521245002746582
1772194383.17421,Button.left,0.9278867244720459
1772194384.005896,Button.left,0.8316860198974609
1772194386.067477,Button.left,2.0615808963775635
1772194387.250087,Button.left,1.182610034942627
1772194389.8516226,Button.left,2.6015355587005615
1772194391.5031154,Button.left,1.6514928340911865
1772194400.853284,Button.left,9.350168466567993
1772194401.884451,Button.left,1.0311670303344727
1772194402.9431045,Button.left,1.0586535930633545
1772194403.600578,Button.left,0.6574735641479492
1772194404.4513981,Button.left,0.8508200645446777
1772194404.9907568,Button.left,0.5393586158752441
1772194407.914466,Button.left,2.9237091541290283
1772194408.934074,Button.left,1.0196080207824707
1772194409.839779,Button.left,0.9057049751281738
1772194412.552636,Button.left,2.7128570079803467
1772194413.4462247,Button.left,0.8935887813568115
1772194413.916905,Button.left,0.47068023681640625
1772194418.504695,Button.left,4.587790012359619
1772194420.7200806,Button.left,2.215385675430298
1772194421.808644,Button.left,1.0885634422302246
1772194432.1021812,Button.left,10.293537139892578
1772194436.449842,Button.left,4.347660779953003
1772194451.1490955,Button.left,14.699253559112549
1772194472.2152486,Button.left,21.066153049468994
1772194479.1084225,Button.left,6.893173933029175
1772194517.4529974,Button.left,38.34457492828369
1772194519.3928716,Button.left,1.9398741722106934
1772194521.4531195,Button.left,2.0602478981018066
1772194523.1955729,Button.left,1.7424533367156982
1772194524.7456956,Button.left,1.5501227378845215
1772194525.1676042,Button.left,0.4219086170196533
1772194528.9989645,Button.left,3.831360340118408
1772194535.3239212,Button.left,6.324956655502319
1772194535.8704515,Button.left,0.5465302467346191
1772194540.8732166,Button.left,5.00276517868042
1772201144.297829,Button.left,6603.424612283707
1772201203.4016352,Button.left,59.103806257247925
1772201207.7893045,Button.left,4.387669324874878
1772201215.64083,Button.left,7.851525545120239
1772201222.262195,Button.left,6.621365070343018
1772201225.660861,Button.left,3.3986659049987793
1772201263.2329726,Button.left,37.5721116065979
1772201276.5096292,Button.left,13.27665662765503
1772201281.0306344,Button.left,4.521005153656006
1772201286.1103482,Button.left,5.079713821411133
1772201328.4219408,Button.left,42.31159257888794
1772201331.2735856,Button.left,2.85164475440979
1772201332.5883164,Button.left,1.3147308826446533
1772201349.9036875,Button.left,17.31537103652954
1772201366.0431154,Button.left,16.13942790031433
1772201380.9611874,Button.left,14.918071985244751
1772201384.2605991,Button.left,3.2994117736816406
1772201386.8063507,Button.left,2.5457515716552734
1772201399.4726489,Button.left,12.666298151016235
1772201400.9000816,Button.left,1.4274327754974365
1772201409.1467307,Button.left,8.246649026870728
1772201412.8000648,Button.left,3.653334140777588
1772201427.1892262,Button.left,14.389161348342896
1772201428.1800914,Button.left,0.9908652305603027
1772201429.848114,Button.left,1.668022632598877
1772201432.30737,Button.left,2.4592559337615967
1772201434.2511244,Button.left,1.9437544345855713
1772201451.9314308,Button.left,17.680306434631348
1772201456.4092298,Button.left,4.477798938751221
1772201463.5127332,Button.left,7.103503465652466
1772201468.9048755,Button.left,5.392142295837402
1772201473.1869576,Button.left,4.2820820808410645
1772201474.1571567,Button.left,0.9701991081237793
1772201497.5160675,Button.left,23.35891079902649
1772201500.0620513,Button.left,2.5459837913513184
1772201510.7219234,Button.left,10.659872055053711
1772201512.7369182,Button.left,2.0149948596954346
1772201516.301194,Button.left,3.5642757415771484
1772201517.172456,Button.left,0.8712620735168457
1772201519.6992033,Button.left,2.526747226715088
1772201531.613186,Button.left,11.913982629776001
1772201533.1210096,Button.left,1.5078237056732178
1772201533.3237116,Button.left,0.20270204544067383
1772201534.0572648,Button.left,0.7335531711578369
1772201539.5586183,Button.left,5.50135350227356
1772201540.6008992,Button.left,1.042280912399292
1772201541.2109342,Button.left,0.6100349426269531
1772201544.3989766,Button.left,3.188042402267456
1772201546.4135973,Button.left,2.014620780944824
1772201548.3742023,Button.left,1.9606049060821533
1772201579.2209787,Button.left,30.846776485443115
1772201580.2317295,Button.left,1.0107507705688477
1772201580.97981,Button.left,0.7480804920196533
1772201582.1425588,Button.left,1.1627488136291504
1772201583.317215,Button.left,1.1746561527252197
1772201584.5006292,Button.left,1.1834142208099365
1772201584.7081802,Button.left,0.2075510025024414
1772201585.0471835,Button.left,0.339003324508667
1772201585.483265,Button.left,0.4360814094543457
1772201586.0713656,Button.left,0.5881006717681885
1772201596.639757,Button.left,10.5683913230896
1772201600.0852726,Button.left,3.4455156326293945
1772201602.7306697,Button.left,2.645397186279297
1772201623.0121753,Button.left,20.281505584716797
1772201654.4970167,Button.left,31.484841346740723
1772201656.6271625,Button.left,2.130145788192749
1772201662.721575,Button.left,6.094412565231323
1772201720.6734579,Button.left,57.95188283920288
1772201720.8974097,Button.left,0.2239518165588379
1772201721.0529637,Button.left,0.15555405616760254
1772201722.4656587,Button.left,1.4126949310302734
1772201723.5535343,Button.left,1.0878756046295166
1772201725.181523,Button.left,1.6279888153076172
1772201730.5503047,Button.left,5.368781566619873
1772201731.5674908,Button.left,1.017186164855957
1772201732.2670505,Button.left,0.6995596885681152
1772201735.80991,Button.left,3.5428595542907715
1772201737.871452,Button.left,2.06154203414917
1772201747.150419,Button.left,9.278966903686523
1772201748.4113266,Button.left,1.2609076499938965
1772201752.7070892,Button.left,4.295762538909912
1772201757.9216647,Button.left,5.214575529098511
1772201761.2186632,Button.left,3.2969985008239746
1772201764.8700821,Button.left,3.651418924331665
1772201777.9332755,Button.left,13.063193321228027
1772201783.1345758,Button.left,5.201300382614136
1772201785.7006788,Button.left,2.566102981567383
1772201793.467871,Button.left,7.767192125320435
1772201795.4632046,Button.left,1.9953336715698242
1772201830.113771,Button.left,34.6505663394928
1772201839.5651937,Button.left,9.451422691345215
1772201843.1227622,Button.left,3.5575685501098633
1772201844.1608472,Button.left,1.0380849838256836
1772201851.4112797,Button.left,7.25043249130249
1772201864.311309,Button.left,12.900029420852661
1772201874.8873463,Button.left,10.576037168502808
1772201885.0145612,Button.left,10.127214908599854
1772201886.1046014,Button.left,1.0900402069091797
1772201887.8338451,Button.left,1.7292437553405762
1772201888.7190025,Button.left,0.8851573467254639
1772201890.5474763,Button.right,1.8284738063812256
1772201892.103854,Button.left,1.556377649307251
1772201894.1401691,Button.left,2.0363152027130127
1772201895.8998141,Button.left,1.7596449851989746
1772201897.8910766,Button.left,1.991262435913086
1772201900.4513793,Button.left,2.560302734375
1772201907.1191983,Button.left,6.667819023132324
1772201926.997578,Button.left,19.878379583358765
1772201931.7174542,Button.left,4.719876289367676
1772201940.2032459,Button.left,8.485791683197021
1772201941.206344,Button.left,1.0030980110168457
1772201947.9602878,Button.left,6.753943920135498
1772201948.7489314,Button.left,0.7886435985565186
1772201957.7581487,Button.left,9.009217262268066
1772201958.5264385,Button.left,0.7682898044586182
1772201963.5755763,Button.left,5.049137830734253
1772201982.7367585,Button.left,19.161182165145874
1772201989.5042174,Button.left,6.767458915710449
1772201997.4362757,Button.left,7.932058334350586
1772202007.7637198,Button.left,10.327444076538086
1772202011.998709,Button.left,4.234989166259766
1772202014.0123308,Button.left,2.0136218070983887
1772202016.2740831,Button.left,2.2617523670196533
1772202023.3954942,Button.left,7.121411085128784
1772202024.1974936,Button.left,0.8019993305206299
1772202038.7496476,Button.left,14.552154064178467
1772202042.6015186,Button.left,3.8518710136413574
1772202043.2171345,Button.left,0.6156158447265625
1772202047.340791,Button.right,4.123656511306763
1772202049.3480182,Button.left,2.0072271823883057
1772202053.1950772,Button.right,3.8470590114593506
1772202054.474619,Button.left,1.2795417308807373
1772202057.7948892,Button.left,3.320270299911499
1772202058.757232,Button.left,0.9623427391052246
1772202060.2608514,Button.right,1.5036194324493408
1772202061.8639588,Button.left,1.6031074523925781
1772202062.919325,Button.left,1.0553662776947021
1772202064.8349106,Button.right,1.9155855178833008
1772202065.8872364,Button.left,1.05232572555542
1772202069.5350685,Button.left,3.647832155227661
1772202070.3507283,Button.left,0.815659761428833
1772202070.9441607,Button.left,0.5934324264526367
1772202073.2779756,Button.left,2.333814859390259
1772202077.5840523,Button.left,4.306076765060425
1772202103.5740077,Button.left,25.98995542526245
1772202111.7018757,Button.left,8.127867937088013
1772202116.5714648,Button.left,4.86958909034729
1772202120.56499,Button.left,3.993525266647339
1772202121.222492,Button.left,0.6575019359588623
1772202122.6476367,Button.left,1.4251446723937988
1772202123.7079222,Button.left,1.0602855682373047
1772202127.203941,Button.left,3.496018886566162
1772202129.0121262,Button.left,1.80818510055542
1772202138.5137138,Button.left,9.501587629318237
1772202155.731745,Button.left,17.21803116798401
1772202157.8609824,Button.left,2.129237413406372
1772202160.836095,Button.left,2.9751126766204834
1772202171.9228978,Button.left,11.08680272102356
1772202174.1294794,Button.left,2.2065815925598145
1772202175.1258526,Button.left,0.996373176574707
1772202177.9893706,Button.left,2.863517999649048
1772202182.5495255,Button.left,4.560154914855957
1772202216.969444,Button.left,34.41991853713989
1772202258.9800906,Button.left,42.01064658164978
1772202259.6021345,Button.left,0.6220438480377197
1772202275.3482704,Button.left,15.746135950088501
1772202275.818177,Button.left,0.4699065685272217
1772202286.484004,Button.left,10.66582703590393
1772202288.1007721,Button.left,1.6167681217193604
1772202292.5584366,Button.left,4.457664489746094
1772202293.4367466,Button.left,0.878309965133667
1772202300.7626727,Button.left,7.325926065444946
1772202301.380699,Button.left,0.6180262565612793
1772202305.7913828,Button.left,4.410683870315552
1772202307.3974752,Button.left,1.6060924530029297
1772202308.649735,Button.left,1.2522597312927246
1772202308.8928618,Button.left,0.24312686920166016
1772202309.4800942,Button.left,0.5872323513031006
1772202319.3065543,Button.left,9.826460123062134
1772202333.592197,Button.left,14.285642623901367
1772202334.9967294,Button.left,1.4045324325561523
1772202372.3483965,Button.left,37.351667165756226
1772202374.0376577,Button.left,1.6892611980438232
1772202375.868798,Button.left,1.8311402797698975
1772202377.1341941,Button.left,1.2653961181640625
1772202381.3675973,Button.left,4.233403205871582
1772202391.043756,Button.left,9.676158666610718
1772202394.457811,Button.left,3.414055109024048
1772202406.213958,Button.left,11.756146907806396
1772202409.1200795,Button.left,2.9061214923858643
1772202410.506324,Button.left,1.386244535446167
1772202411.1866748,Button.left,0.6803507804870605
1772202412.5538652,Button.left,1.3671903610229492
1772202419.6083546,Button.left,7.054489374160767
1772202422.2722359,Button.left,2.663881301879883
1772202423.4837794,Button.left,1.2115435600280762
1772202427.8559067,Button.left,4.372127294540405
1772202432.3372517,Button.left,4.481344938278198
1772202436.6544507,Button.left,4.317198991775513
1772202440.3202863,Button.left,3.6658356189727783
1772202442.8334417,Button.left,2.513155460357666
1772202443.3262177,Button.left,0.49277591705322266
1772202444.0743191,Button.left,0.7481014728546143
1772202446.2627006,Button.left,2.1883814334869385
1772202446.9348176,Button.left,0.6721169948577881
1772202448.5180466,Button.left,1.5832290649414062
1772202462.5445683,Button.left,14.026521682739258
1772202469.0895154,Button.left,6.544947147369385
1772202470.8625531,Button.left,1.7730376720428467
1772202473.5957074,Button.left,2.733154296875
1772202474.4189415,Button.left,0.8232340812683105
1772202476.3556533,Button.left,1.9367117881774902
1772202498.5034876,Button.left,22.147834300994873
1772202500.4480138,Button.left,1.944526195526123
1772202511.908555,Button.left,11.460541248321533
1772202513.7560306,Button.left,1.847475528717041
1772202594.7858262,Button.left,81.02979564666748
1772202600.478595,Button.left,5.692768812179565
1772202604.1322424,Button.left,3.6536474227905273
1772202609.0793304,Button.left,4.947088003158569
1772202615.8325815,Button.left,6.753251075744629
1772202616.8082514,Button.left,0.9756698608398438
1772202628.014883,Button.left,11.206631660461426
1772202628.9580402,Button.left,0.9431571960449219
1772202650.8690522,Button.left,21.911011934280396
1772202682.2343564,Button.left,31.365304231643677
1772202686.1064553,Button.left,3.872098922729492
1772202686.5370698,Button.left,0.4306144714355469
1772202702.5351303,Button.left,15.998060464859009
1772202712.8002186,Button.left,10.265088319778442
1772202717.752462,Button.left,4.952243328094482
1772202748.0874329,Button.left,30.334970951080322
1772202775.2864466,Button.left,27.199013710021973
1772202777.4107444,Button.right,2.124297857284546
1772202778.537106,Button.left,1.126361608505249
1772202779.3809388,Button.left,0.8438327312469482
1772202782.6182315,Button.left,3.237292766571045
1772202797.6576858,Button.left,15.039454221725464
1772202802.7074428,Button.left,5.04975700378418
1772202823.1436017,Button.left,20.436158895492554
1772202824.4504325,Button.left,1.306830883026123
1772202830.43413,Button.left,5.983697414398193
1772202852.2788672,Button.left,21.84473729133606
1772202854.9362469,Button.left,2.657379627227783
1772202864.2152452,Button.left,9.278998374938965
1772202877.7668805,Button.left,13.551635265350342
1772202894.187359,Button.left,16.420478582382202
1772202898.8272865,Button.left,4.639927387237549
1772202901.0688767,Button.left,2.2415902614593506
1772202901.930183,Button.left,0.8613061904907227
1772202914.0793839,Button.left,12.149200916290283
1772202915.3096163,Button.left,1.2302324771881104
1772202916.445249,Button.left,1.1356327533721924
1772202920.0218513,Button.left,3.5766022205352783
1772202922.021088,Button.left,1.9992365837097168
1772202924.1752443,Button.left,2.154156446456909
1772202933.0853598,Button.left,8.910115480422974
1772202936.9830945,Button.left,3.8977346420288086
1772202947.4143853,Button.left,10.431290864944458
1772203318.4434516,Button.left,371.029066324234
1772203324.2475915,Button.left,5.804139852523804
1772203333.9250758,Button.left,9.677484273910522
1772203335.0149727,Button.left,1.0898969173431396
1772203335.931147,Button.left,0.9161744117736816
1772203336.5727873,Button.left,0.6416401863098145
1772203359.0174878,Button.left,22.444700479507446
1772203368.100123,Button.left,9.082635164260864
1772203376.3767486,Button.left,8.276625633239746
1772203377.933326,Button.left,1.556577444076538
1772203381.0841262,Button.left,3.1508002281188965
1772203386.2920575,Button.left,5.207931280136108
1772203399.5869772,Button.left,13.294919729232788
1772203408.8369346,Button.left,9.24995732307434
1772203419.6072555,Button.left,10.770320892333984
1772203423.8537822,Button.left,4.246526718139648
1772203425.7845464,Button.left,1.9307641983032227
1772203432.5878053,Button.left,6.803258895874023
1772203443.753141,Button.left,11.165335655212402
1772203461.2475438,Button.left,17.49440288543701
1772203464.0563173,Button.left,2.8087735176086426
1772203466.1867416,Button.left,2.1304242610931396
1772203467.8881092,Button.left,1.7013676166534424
1772203469.4452007,Button.left,1.557091474533081
1772203473.7902572,Button.left,4.345056533813477
1772203474.405166,Button.left,0.6149086952209473
1772203479.8453352,Button.left,5.440169334411621
1772203485.0751748,Button.left,5.229839563369751
1772203487.1782534,Button.left,2.103078603744507
1772203492.2898276,Button.left,5.111574172973633
1772203495.2862115,Button.left,2.9963839054107666
1772203499.1592484,Button.left,3.8730368614196777
1772203500.338149,Button.left,1.1789007186889648
1772203501.4240606,Button.left,1.085911512374878
1772203504.1156542,Button.left,2.691593647003174
1772203505.8327699,Button.left,1.7171156406402588
1772203506.3106377,Button.left,0.47786784172058105
1772203507.135144,Button.left,0.8245062828063965
1772203511.889402,Button.left,4.754257917404175
1772203616.615925,Button.left,104.72652316093445
1772203618.0373943,Button.left,1.4214692115783691
1772203621.2879238,Button.left,3.2505295276641846
1772203644.9388716,Button.left,23.65094780921936
1772203696.4169626,Button.left,51.47809100151062
1772203698.521787,Button.left,2.1048243045806885
1772203699.1582005,Button.left,0.63641357421875
1772203700.3915958,Button.left,1.2333953380584717
1772203762.3990703,Button.left,62.007474422454834
1772203763.6247919,Button.left,1.2257215976715088
1772203770.9393668,Button.left,7.314574956893921
1772203773.1324165,Button.left,2.193049669265747
1772203788.1697192,Button.left,15.037302732467651
1772203789.7677596,Button.left,1.5980403423309326
1772203793.2466805,Button.left,3.4789209365844727
1772203793.7514844,Button.left,0.5048038959503174
1772203804.3845081,Button.left,10.633023738861084
1772203806.9056022,Button.left,2.5210940837860107
1772203811.6451845,Button.left,4.739582300186157
1772203812.8102171,Button.left,1.1650326251983643
1772203820.7714272,Button.right,7.961210012435913
1772203822.4106622,Button.left,1.639235019683838
1772203823.4087746,Button.left,0.9981124401092529
1772203825.074656,Button.left,1.6658813953399658
1772203829.802815,Button.left,4.728158950805664
1772203831.5461836,Button.left,1.7433686256408691
1772203841.0733423,Button.left,9.527158737182617
1772203853.058941,Button.left,11.98559856414795
1772203943.2310588,Button.left,90.1721179485321
1772203946.2549427,Button.left,3.023883819580078
1772203950.4550023,Button.left,4.200059652328491
1772203951.8802078,Button.left,1.4252054691314697
1772203957.7175004,Button.left,5.837292671203613
1772203958.6235511,Button.left,0.9060506820678711
1772203960.00719,Button.right,1.383638858795166
1772203961.3235447,Button.left,1.316354751586914
1772203970.3743453,Button.left,9.050800561904907
1772203971.570734,Button.left,1.1963887214660645
1772203971.795457,Button.left,0.22472286224365234
1772203979.6856172,Button.left,7.890160322189331
1772204002.6411967,Button.left,22.95557951927185
1772204003.7155406,Button.left,1.0743439197540283
1772204007.6109164,Button.left,3.8953757286071777
1772204011.3696446,Button.left,3.758728265762329
1772204012.6435397,Button.left,1.273895025253296
1772204013.5981302,Button.left,0.9545905590057373
1772204014.518308,Button.left,0.920177698135376
1772204016.4711692,Button.left,1.9528613090515137
1772204023.6135755,Button.right,7.142406225204468
1772204025.121231,Button.left,1.5076556205749512
1772204026.035195,Button.left,0.913964033126831
1772204029.6882422,Button.right,3.6530470848083496
1772204030.2272794,Button.left,0.5390372276306152
1772204030.6953523,Button.left,0.46807289123535156
1772204031.5553658,Button.right,0.860013484954834
1772204032.5369682,Button.left,0.9816024303436279
1772204033.4997635,Button.left,0.9627952575683594
1772204039.9949143,Button.left,6.495150804519653
1772204043.7369177,Button.left,3.7420034408569336
1772204045.1145825,Button.left,1.3776648044586182
1772204046.100571,Button.left,0.9859883785247803
1772204048.4937997,Button.left,2.393228769302368
1772204052.1184645,Button.left,3.624664783477783
1772204054.7608352,Button.left,2.6423707008361816
1772204055.9092934,Button.left,1.1484582424163818
1772204057.1068468,Button.left,1.1975533962249756
1772204057.957799,Button.left,0.8509521484375
1772204058.975945,Button.left,1.01814603805542
1772204059.7715557,Button.left,0.7956106662750244
1772204062.3924224,Button.left,2.6208667755126953
1772204063.7033339,Button.left,1.3109114170074463
1772204066.7618897,Button.left,3.058555841445923
1772204067.896355,Button.left,1.134465217590332
1772204070.166592,Button.left,2.2702369689941406
1772204071.9246862,Button.left,1.758094310760498
1772204073.1741753,Button.left,1.2494890689849854
1772204075.4116268,Button.left,2.2374515533447266
1772204076.291341,Button.left,0.8797142505645752
1772204081.1235292,Button.left,4.832188129425049
1772204082.0851343,Button.left,0.9616050720214844
1772204085.8349829,Button.left,3.7498486042022705
1772204086.3133357,Button.left,0.47835278511047363
1772204092.811929,Button.left,6.498593330383301
1772204093.7728386,Button.left,0.9609096050262451
1772204094.7091763,Button.left,0.9363377094268799
1772204096.1806395,Button.left,1.4714632034301758
1772204098.8713286,Button.left,2.6906890869140625
1772204099.9671762,Button.left,1.0958476066589355
1772204100.688184,Button.left,0.7210078239440918
1772204106.1152647,Button.left,5.4270806312561035
1772204106.7734725,Button.left,0.658207893371582
1772204110.9802785,Button.left,4.206805944442749
1772204112.2951565,Button.left,1.314877986907959
1772204118.0518143,Button.left,5.756657838821411
1772204125.69014,Button.left,7.6383256912231445
1772204126.8589883,Button.left,1.1688482761383057
1772204130.995269,Button.left,4.13628077507019
1772204142.1469731,Button.left,11.15170407295227
1772204143.532337,Button.left,1.3853638172149658
1772204143.7548192,Button.left,0.22248220443725586
1772204152.7802446,Button.left,9.025425434112549
1772204155.327907,Button.left,2.5476624965667725
1772204156.9695933,Button.right,1.641686201095581
1772204157.8657043,Button.left,0.896111011505127
1772204161.4712498,Button.left,3.6055455207824707
1772204163.248611,Button.left,1.7773611545562744
1772204164.9242866,Button.left,1.675675630569458
1772204171.5244431,Button.left,6.600156545639038
1772204174.0722566,Button.left,2.5478134155273438
1772204178.6436636,Button.right,4.571407079696655
1772204181.7416496,Button.left,3.0979859828948975
1772204182.4470797,Button.left,0.7054300308227539
1772204184.2862263,Button.left,1.839146614074707
1772204185.0782442,Button.right,0.792017936706543
1772204187.7681484,Button.left,2.68990421295166
1772204188.3560069,Button.left,0.5878584384918213
1772204193.1605213,Button.left,4.804514408111572
1772204194.606332,Button.left,1.4458107948303223
1772204197.2931535,Button.left,2.686821460723877
1772204199.5219796,Button.left,2.2288260459899902
1772204201.5525324,Button.left,2.030552864074707
1772204202.3645205,Button.left,0.811988115310669
1772204213.3708112,Button.right,11.006290674209595
1772204214.5372584,Button.left,1.1664471626281738
1772204224.390347,Button.left,9.853088617324829
1772204226.4241874,Button.left,2.0338404178619385
1772204240.1944742,Button.right,13.770286798477173
1772204241.303244,Button.left,1.1087698936462402
1772204258.8831434,Button.left,17.579899311065674
1772204260.3166463,Button.left,1.4335029125213623
1772204265.6413686,Button.left,5.3247222900390625
1772204266.9159164,Button.left,1.274547815322876
1772204270.0909767,Button.left,3.175060272216797
1772204275.9854705,Button.left,5.894493818283081
1772204278.3029988,Button.right,2.317528247833252
1772204283.692547,Button.left,5.389548301696777
1772204284.788732,Button.left,1.0961849689483643
1772204285.7419589,Button.right,0.9532268047332764
1772204286.507378,Button.left,0.7654192447662354
1772204288.224118,Button.left,1.7167398929595947
1772204293.27964,Button.left,5.0555219650268555
1772204295.439419,Button.right,2.1597790718078613
1772204298.621317,Button.left,3.1818978786468506
1772204300.035301,Button.left,1.4139840602874756
1772204300.6026921,Button.left,0.5673911571502686
1772204319.4310591,Button.left,18.828366994857788
1772204348.4898279,Button.left,29.05876874923706
1772204358.0697727,Button.left,9.579944849014282
1772204372.4867823,Button.left,14.417009592056274
1772204373.2975798,Button.left,0.8107974529266357
1772204382.0304933,Button.left,8.732913494110107
1772204383.820942,Button.left,1.7904486656188965
1772204384.8392954,Button.left,1.0183534622192383
1772204434.2162094,Button.left,49.37691402435303
1772204439.5461383,Button.left,5.329928874969482
1772204460.1797068,Button.left,20.63356852531433
1772204468.3050258,Button.left,8.125319004058838
1772204527.4973717,Button.left,59.19234585762024
1772204546.6868517,Button.left,19.18948006629944
1772204547.2470183,Button.left,0.560166597366333
1772204549.147972,Button.left,1.900953769683838
1772204550.8636699,Button.left,1.7156977653503418
1772204594.851985,Button.left,43.98831510543823
1772204596.9683003,Button.left,2.1163153648376465
1772204664.4813535,Button.left,67.51305317878723
1772204682.0997303,Button.left,17.61837673187256
1772204682.6171975,Button.left,0.5174672603607178
1772204701.56644,Button.left,18.94924259185791
1772204704.3859248,Button.left,2.8194847106933594
1772204704.9624488,Button.left,0.576524019241333
1772204708.034186,Button.left,3.071737051010132
1772204708.847672,Button.left,0.8134860992431641
1772204747.372939,Button.left,38.525267124176025
1772204749.5066755,Button.left,2.1337363719940186
1772204756.4192467,Button.left,6.91257119178772
1772204757.0492141,Button.left,0.629967451095581
1772204764.5999687,Button.right,7.550754547119141
1772204765.8034644,Button.left,1.203495740890503
1772204769.3768687,Button.left,3.573404312133789
1772204770.9613225,Button.left,1.584453821182251
1772204772.4353883,Button.right,1.4740657806396484
1772204773.6037526,Button.left,1.1683642864227295
1772204775.714196,Button.left,2.110443353652954
1772204837.270436,Button.right,61.55624008178711
1772204838.9280033,Button.left,1.6575672626495361
1772204840.9580193,Button.left,2.0300159454345703
1772204842.3926558,Button.right,1.4346365928649902
1772204843.605791,Button.left,1.2131352424621582
1772204845.2048416,Button.left,1.599050521850586
1772204846.118104,Button.left,0.9132623672485352
1772204848.8253741,Button.right,2.7072701454162598
1772204850.6410193,Button.left,1.8156452178955078
1772204863.7463405,Button.left,13.105321168899536
1772204866.4798996,Button.right,2.7335591316223145
1772204868.0286849,Button.left,1.5487852096557617
1772204871.9571295,Button.left,3.9284446239471436
1772204873.0805585,Button.right,1.1234290599822998
1772204874.7698114,Button.left,1.6892528533935547
1772204879.2705536,Button.left,4.500742197036743
1772204881.0428274,Button.left,1.7722737789154053
1772204882.3637235,Button.left,1.3208961486816406
1772204885.2151747,Button.left,2.8514511585235596
1772204886.5920422,Button.left,1.3768675327301025
1772204937.0532491,Button.left,50.461206912994385
1772204940.3467433,Button.left,3.29349422454834
1772204942.4714022,Button.left,2.1246588230133057
1772204943.7919471,Button.left,1.320544958114624
1772204944.8840868,Button.right,1.092139720916748
1772204945.5541623,Button.left,0.6700754165649414
1772204946.4693084,Button.right,0.9151461124420166
1772204947.411334,Button.left,0.9420256614685059
1772204949.2164593,Button.right,1.8051252365112305
1772204949.983115,Button.left,0.766655683517456
1772204951.1120777,Button.right,1.128962755203247
1772204952.7218702,Button.left,1.6097924709320068
1772204956.3404422,Button.right,3.6185719966888428
1772204957.6271408,Button.right,1.286698579788208
1772204960.045261,Button.right,2.4181201457977295
1772204961.8919778,Button.left,1.8467168807983398
1772204962.9428337,Button.left,1.0508558750152588
1772204965.6134012,Button.left,2.670567512512207
1772204967.726439,Button.left,2.1130378246307373
1772204968.6059906,Button.left,0.8795516490936279
1772204969.3706214,Button.left,0.7646307945251465
1772204971.2288206,Button.left,1.858199119567871
1772204972.3749528,Button.left,1.146132230758667
1772204977.0137362,Button.left,4.6387834548950195
1772204988.8463008,Button.left,11.83256459236145
1772204990.14667,Button.left,1.3003692626953125
1772204991.5097833,Button.left,1.3631131649017334
1772204992.4542663,Button.left,0.9444830417633057
1772205003.6087966,Button.left,11.15453028678894
1772205012.8091645,Button.left,9.20036792755127
1772205018.050613,Button.left,5.241448402404785
1772205025.3819635,Button.left,7.331350564956665
1772205026.4581642,Button.right,1.0762007236480713
1772205030.0137234,Button.left,3.5555591583251953
1772205031.4659233,Button.left,1.452199935913086
1772205032.5978186,Button.left,1.1318953037261963
1772205033.1368158,Button.left,0.5389971733093262
1772205036.3717725,Button.left,3.234956741333008
1772205037.6752763,Button.left,1.3035037517547607
1772205038.5525174,Button.left,0.8772411346435547
1772205040.5475147,Button.left,1.994997262954712
1772205048.4123058,Button.left,7.86479115486145
1772205050.987565,Button.left,2.575259208679199
1772205055.06224,Button.left,4.074674844741821
1772205141.9509654,Button.left,86.8887255191803
1772205142.754241,Button.left,0.8032755851745605
1772205143.5933132,Button.left,0.8390722274780273
1772205152.399794,Button.left,8.806480884552002
1772205153.0228577,Button.left,0.6230635643005371
1772205409.0989563,Button.left,256.0760986804962
1772205410.07299,Button.left,0.9740335941314697
1772205411.3929257,Button.left,1.3199357986450195
1772205412.720534,Button.left,1.327608346939087
1772205413.4025779,Button.left,0.6820437908172607
1772205414.1891067,Button.left,0.7865288257598877
1772205415.7535412,Button.left,1.56443452835083
1772205417.7847831,Button.left,2.0312418937683105
1772205421.94143,Button.left,4.156646966934204
1772205471.6621747,Button.left,49.720744609832764
1772205473.0363474,Button.left,1.3741726875305176
1772205477.375486,Button.left,4.339138507843018
1772205477.800404,Button.left,0.42491817474365234
1772205478.6555388,Button.left,0.8551347255706787
1772205481.0893724,Button.left,2.433833599090576
1772205481.9691887,Button.left,0.8798162937164307
1772210454.55771,Button.left,4972.588521242142
1772210456.138451,Button.left,1.5807411670684814
1772210701.6173906,Button.left,245.47893953323364
1772210766.2626362,Button.left,64.64524555206299
1772210780.4546154,Button.left,14.191979169845581
1772210787.0705361,Button.left,6.615920782089233
1772210792.820906,Button.left,5.7503697872161865
1772210794.1771579,Button.left,1.3562519550323486
1772210798.5375068,Button.left,4.36034893989563
1772210799.1889498,Button.left,0.6514430046081543
1772210800.4974484,Button.left,1.3084986209869385
1772210813.271881,Button.left,12.77443265914917
1772210817.539449,Button.left,4.267567873001099
1772210819.3252861,Button.left,1.785837173461914
1772210819.878342,Button.left,0.5530557632446289
1772210834.4902973,Button.left,14.611955404281616
1772210837.1058617,Button.left,2.6155643463134766
1772210837.8250456,Button.left,0.7191839218139648
1772210838.670254,Button.left,0.8452084064483643
1772210839.4446566,Button.left,0.7744026184082031
1772210840.1122692,Button.left,0.6676125526428223
1772210841.0695627,Button.left,0.9572935104370117
1772210846.228194,Button.left,5.158631324768066
1772210852.7536821,Button.left,6.5254881381988525
1772210854.1453965,Button.left,1.391714334487915
1772210857.2986844,Button.left,3.153287887573242
1772210863.2026007,Button.left,5.903916358947754
1772210865.2363975,Button.left,2.033796787261963
1772210868.7515793,Button.left,3.51518177986145
1772210895.9840546,Button.left,27.23247528076172
1772210906.8290699,Button.left,10.845015287399292
1772210916.1113284,Button.right,9.2822585105896
1772210917.032758,Button.left,0.9214296340942383
1772210917.8816233,Button.right,0.848865270614624
1772210918.9727254,Button.left,1.091102123260498
1772210925.5255644,Button.left,6.552839040756226
1772210926.5426009,Button.left,1.0170364379882812
1772210927.061792,Button.left,0.5191910266876221
1772210928.2530265,Button.left,1.1912345886230469
1772210929.6378596,Button.left,1.3848330974578857
1772210931.194472,Button.left,1.556612491607666
1772210931.5901122,Button.right,0.39564013481140137
1772210933.0558734,Button.left,1.4657611846923828
1772210934.2053018,Button.left,1.149428367614746
1772210937.3547535,Button.left,3.149451732635498
1772210939.0751615,Button.left,1.7204079627990723
1772210940.1258333,Button.left,1.0506718158721924
1772210942.0145423,Button.left,1.8887090682983398
1772210942.6785173,Button.left,0.6639750003814697
1772210943.6692765,Button.left,0.9907591342926025
1772210944.5390632,Button.left,0.8697867393493652
1772210947.5710046,Button.left,3.0319414138793945
1772210950.319065,Button.left,2.748060464859009
1772210953.7907891,Button.left,3.471724033355713
1772210969.5794096,Button.left,15.788620471954346
1772210974.5211914,Button.right,4.941781759262085
1772210975.4590576,Button.left,0.9378662109375
1772210977.0446117,Button.left,1.5855541229248047
1772210978.0398116,Button.left,0.9951999187469482
1772210978.6907744,Button.left,0.6509628295898438
1772210980.4716396,Button.left,1.78086519241333
1772210985.0862377,Button.left,4.614598035812378
1772210987.3022687,Button.left,2.216031074523926
1772210992.0392911,Button.left,4.737022399902344
1772210993.3610263,Button.left,1.321735143661499
1772210994.2569506,Button.left,0.8959243297576904
1772210997.0747764,Button.left,2.8178257942199707
1772210998.0236046,Button.left,0.9488282203674316
1772210998.6575294,Button.left,0.6339247226715088
1772210998.8333259,Button.left,0.1757965087890625
1772211002.115867,Button.left,3.282541036605835
1772211005.7161512,Button.left,3.6002843379974365
1772211010.494793,Button.left,4.778641700744629
1772211017.117057,Button.left,6.62226414680481
1772211018.5797446,Button.left,1.4626874923706055
1772211024.2181394,Button.left,5.638394832611084
1772211032.209574,Button.left,7.991434574127197
1772211035.1511004,Button.left,2.941526412963867
1772211038.2241647,Button.left,3.0730643272399902
1772211038.960402,Button.left,0.7362372875213623
1772211060.5327542,Button.left,21.572352170944214
1772211062.7458103,Button.left,2.2130560874938965
1772211072.6990595,Button.left,9.953249216079712
1772211073.2395003,Button.left,0.5404407978057861
1772211074.2357469,Button.left,0.9962465763092041
1772211075.3989973,Button.left,1.16325044631958
1772211081.4028015,Button.left,6.0038042068481445
1772211082.6548603,Button.left,1.252058744430542
1772211083.9683077,Button.left,1.3134474754333496
1772211084.7988222,Button.left,0.8305144309997559
1772211087.302824,Button.left,2.5040018558502197
1772211089.7662833,Button.left,2.4634592533111572
1772211092.9214437,Button.left,3.155160427093506
1772211095.0314977,Button.left,2.1100540161132812
1772211097.405426,Button.left,2.3739283084869385
1772211100.000142,Button.left,2.5947160720825195
1772211100.8700182,Button.left,0.8698761463165283
1772211102.7313147,Button.left,1.8612964153289795
1772211104.0098395,Button.left,1.2785248756408691
1772211104.7715414,Button.left,0.7617018222808838
1772211105.5392413,Button.left,0.7676999568939209
1772211108.3773146,Button.left,2.838073253631592
1772211110.7931292,Button.left,2.4158146381378174
1772211116.204063,Button.left,5.41093373298645
1772211117.909136,Button.left,1.7050731182098389
1772211118.638239,Button.left,0.7291028499603271
1772211123.1795397,Button.left,4.5413007736206055
1772211125.2272997,Button.left,2.047760009765625
1772211126.5633113,Button.left,1.3360116481781006
1772211127.3680549,Button.left,0.8047435283660889
1772211129.3767788,Button.left,2.0087239742279053
1772211131.1906846,Button.left,1.8139057159423828
1772211133.46772,Button.left,2.2770354747772217
1772211134.126175,Button.left,0.6584548950195312
1772211135.9476004,Button.left,1.821425437927246
1772211141.3643692,Button.left,5.416768789291382
1772211144.2854857,Button.left,2.921116590499878
1772211145.3492775,Button.left,1.0637917518615723
1772211148.653934,Button.left,3.304656505584717
1772211149.7536983,Button.left,1.099764347076416
1772211152.0306413,Button.left,2.2769429683685303
1772211164.7311106,Button.left,12.700469255447388
1772211165.6312332,Button.left,0.9001226425170898
1772211165.8249702,Button.left,0.19373703002929688
1772211169.2631285,Button.left,3.4381582736968994
1772211170.836643,Button.left,1.573514461517334
1772211172.976917,Button.left,2.1402740478515625
1772211237.136383,Button.left,64.1594660282135
1772211240.7420113,Button.left,3.605628252029419
1772211242.5184984,Button.left,1.776487112045288
1772211244.3722808,Button.left,1.8537824153900146
1772211245.1554291,Button.left,0.7831482887268066
1772211250.032183,Button.left,4.876753807067871
1772211252.3152401,Button.left,2.28305721282959
1772211254.6253645,Button.left,2.310124397277832
1772211256.766914,Button.left,2.1415493488311768
1772211272.0189538,Button.left,15.252039909362793
1772211286.021281,Button.left,14.00232720375061
1772211295.8657937,Button.left,9.844512701034546
1772211304.5063472,Button.left,8.64055347442627
1772211328.9682908,Button.left,24.46194362640381
1772211337.3467867,Button.left,8.378495931625366
1772211338.6266954,Button.left,1.2799086570739746
1772211350.5401902,Button.left,11.91349482536316
1772211373.045216,Button.left,22.50502586364746
1772211374.3794036,Button.left,1.3341875076293945
1772211377.4063146,Button.left,3.0269110202789307
1772211382.9955466,Button.left,5.589231967926025
1772211396.4051912,Button.left,13.409644603729248
1772211400.1222386,Button.left,3.7170474529266357
1772211401.0278761,Button.left,0.9056375026702881
1772211464.8595197,Button.left,63.83164358139038
1772211469.230504,Button.left,4.370984315872192
1772211470.8981438,Button.left,1.6676397323608398
1772211472.1647248,Button.left,1.2665810585021973
1772211473.7959447,Button.left,1.6312198638916016
1772211513.4920075,Button.left,39.69606280326843
1772211517.0286837,Button.left,3.5366761684417725
1772211531.7665,Button.left,14.737816333770752
1772211537.1027815,Button.left,5.3362815380096436
1772211539.3534348,Button.left,2.2506532669067383
1772211540.4937751,Button.left,1.1403403282165527
1772211543.178941,Button.left,2.6851658821105957
1772211544.0109668,Button.left,0.8320257663726807
1772211545.9931757,Button.left,1.9822089672088623
1772211689.8511496,Button.left,143.85797381401062
1772211692.2110372,Button.left,2.3598875999450684
1772211768.4030037,Button.left,76.19196653366089
1772211771.364406,Button.left,2.961402416229248
1772211782.8530297,Button.left,11.48862361907959
1772211988.646675,Button.left,205.7936453819275
1772211995.6971977,Button.left,7.050522565841675
1772212005.472767,Button.left,9.775569438934326
1772212007.702048,Button.left,2.229280948638916
1772212063.149517,Button.left,55.447468996047974
1772212063.6640396,Button.left,0.5145225524902344
1772212074.7637088,Button.left,11.099669218063354
1772212081.387191,Button.left,6.6234822273254395
1772212083.7175758,Button.left,2.3303847312927246
1772212125.374684,Button.left,41.657108306884766
1772212128.475587,Button.left,3.100902795791626
1772212131.277178,Button.left,2.801591157913208
1772212131.9267685,Button.left,0.6495904922485352
1772212132.9049208,Button.left,0.9781522750854492
1772212137.5060782,Button.left,4.6011574268341064
1772212141.7118738,Button.left,4.205795526504517
1772212143.1589248,Button.left,1.4470510482788086
1772212148.2456887,Button.left,5.086763858795166
1772212150.1849954,Button.left,1.9393067359924316
1772212180.5122967,Button.left,30.327301263809204
1772212191.683359,Button.left,11.171062231063843
1772212192.6171722,Button.left,0.9338133335113525
1772212193.4609456,Button.left,0.843773365020752
1772212195.288188,Button.left,1.827242374420166
1772212203.555634,Button.left,8.267446041107178
1772212216.9700673,Button.left,13.414433240890503
1772212229.4015713,Button.left,12.431504011154175
1772212245.733093,Button.left,16.33152174949646
1772212250.4638884,Button.left,4.730795383453369
1772212267.6048193,Button.left,17.140930891036987
1772212287.6726253,Button.left,20.067806005477905
1772212288.9126725,Button.left,1.2400472164154053
1772212289.8120077,Button.left,0.8993351459503174
1772212290.9741216,Button.left,1.162113904953003
1772212293.5060322,Button.left,2.5319106578826904
1772212295.0688105,Button.left,1.5627782344818115
1772212296.003443,Button.left,0.9346325397491455
1772212298.3596761,Button.left,2.3562331199645996
1772212304.3753219,Button.left,6.015645742416382
1772212305.0209327,Button.left,0.6456108093261719
1772212305.4361331,Button.left,0.41520047187805176
1772212306.2667012,Button.left,0.8305680751800537
1772212307.2915468,Button.left,1.0248456001281738
1772212309.9710112,Button.left,2.679464340209961
1772212312.5155156,Button.left,2.544504404067993
1772212312.9531324,Button.left,0.43761682510375977
1772212313.8601813,Button.left,0.9070489406585693
1772212315.6925323,Button.left,1.8323509693145752
1772212316.511179,Button.left,0.8186466693878174
1772212330.1175625,Button.left,13.606383562088013
1772212333.8202157,Button.left,3.702653169631958
1772212346.9922216,Button.left,13.172005891799927
1772212349.6385095,Button.left,2.6462879180908203
1772212350.2269247,Button.left,0.5884151458740234
1772212350.8008788,Button.left,0.5739541053771973
1772212351.5615723,Button.left,0.7606935501098633
1772212353.1260595,Button.right,1.5644872188568115
1772212354.0954604,Button.left,0.9694008827209473
1772212354.9937816,Button.left,0.8983211517333984
1772212355.9570978,Button.left,0.9633162021636963
1772212358.0040412,Button.left,2.046943426132202
1772212362.8520417,Button.left,4.848000526428223
1772212363.7504203,Button.left,0.8983786106109619
1772212371.0411165,Button.left,7.290696144104004
1772212375.186525,Button.left,4.145408630371094
1772212377.6310556,Button.left,2.444530487060547
1772212378.7310228,Button.left,1.0999672412872314
1772212380.463616,Button.left,1.732593059539795
1772212381.5566661,Button.left,1.093050241470337
1772212385.1413422,Button.left,3.5846760272979736
1772212386.1440508,Button.left,1.0027086734771729
1772212389.4373314,Button.left,3.293280601501465
1772212392.2847493,Button.left,2.8474178314208984
1772212394.2620883,Button.left,1.9773390293121338
1772212396.1660056,Button.left,1.9039173126220703
1772212396.8604777,Button.left,0.694472074508667
1772212398.1209972,Button.left,1.2605195045471191
1772212421.9790123,Button.left,23.858015060424805
1772212425.1721244,Button.left,3.1931121349334717
1772212486.9973211,Button.left,61.825196743011475
1772212489.9361467,Button.left,2.9388256072998047
1772212496.2408314,Button.left,6.304684638977051
1772212497.0699327,Button.left,0.8291013240814209
1772212499.1603081,Button.left,2.0903754234313965
1772212638.888789,Button.left,139.72848081588745
1772212640.4064982,Button.left,1.5177092552185059
1772212784.6311586,Button.right,144.22466039657593
1772212786.4805164,Button.left,1.8493578433990479
1772212789.664465,Button.left,3.183948516845703
1772212790.3017201,Button.left,0.6372551918029785
1772212792.2130735,Button.left,1.911353349685669
1772212793.3904026,Button.left,1.1773290634155273
1772212794.091228,Button.left,0.7008254528045654
1772212794.7777424,Button.left,0.6865143775939941
1772212795.7957535,Button.left,1.0180110931396484
1772212796.2550035,Button.left,0.45924997329711914
1772212797.162582,Button.left,0.9075784683227539
1772212797.92716,Button.left,0.764578104019165
1772212798.8629107,Button.left,0.9357507228851318
1772212811.119618,Button.left,12.256707191467285
1772212811.348312,Button.left,0.22869396209716797
1772212811.9981923,Button.left,0.6498804092407227
1772212819.1468065,Button.left,7.148614168167114
1772212830.541125,Button.left,11.394318580627441
1772212837.8166707,Button.left,7.275545597076416
1772212909.6043975,Button.left,71.78772687911987
1772212912.2830422,Button.left,2.6786446571350098
1772212912.934443,Button.left,0.6514008045196533
1772212913.5368516,Button.left,0.6024086475372314
1772212914.2620022,Button.left,0.7251505851745605
1772212917.8947082,Button.left,3.6327059268951416
1772212918.8145998,Button.left,0.9198915958404541
1772212920.240845,Button.left,1.4262452125549316
1772212924.5874462,Button.left,4.346601247787476
1772212969.227268,Button.left,44.63982176780701
1772212974.0205038,Button.left,4.793235778808594
1772212985.9862783,Button.left,11.965774536132812
1772212988.6748383,Button.left,2.6885600090026855
1772212990.0193236,Button.left,1.3444852828979492
1772212990.7683477,Button.left,0.7490241527557373
1772212993.6059737,Button.left,2.8376259803771973
1772212994.50016,Button.left,0.89418625831604
1772213001.4989722,Button.left,6.998812198638916
1772213166.6202579,Button.left,165.12128567695618
1772213167.2117436,Button.left,0.5914857387542725
1772213168.1706223,Button.left,0.958878755569458
1772213169.5833442,Button.left,1.412721872329712
1772213172.5702305,Button.left,2.9868862628936768
1772213176.6764476,Button.left,4.1062171459198
1772213177.7478712,Button.left,1.0714235305786133
1772213180.5719135,Button.left,2.824042320251465
1772213186.3058193,Button.left,5.733905792236328
1772213276.109078,Button.left,89.80325865745544
1772213276.8282826,Button.left,0.7192046642303467
1772213278.3450217,Button.left,1.5167391300201416
1772213279.3558238,Button.left,1.0108020305633545
1772213280.1088994,Button.left,0.7530755996704102
1772213284.0331604,Button.left,3.9242610931396484
1772213284.5657752,Button.left,0.5326147079467773
1772213289.4222713,Button.left,4.856496095657349
1772213291.455391,Button.left,2.0331196784973145
1772213361.175641,Button.left,69.7202501296997
1772213361.398824,Button.left,0.22318291664123535
1772213362.6694844,Button.left,1.270660400390625
1772213363.838189,Button.left,1.1687045097351074
1772213369.1502414,Button.left,5.312052488327026
1772213369.3455558,Button.left,0.1953144073486328
1772213371.398659,Button.left,2.05310320854187
1772213373.3710692,Button.left,1.9724102020263672
1772213520.1923258,Button.left,146.82125663757324
1772213522.1012118,Button.left,1.9088859558105469
1772213524.7783685,Button.left,2.677156686782837
1772213529.101152,Button.left,4.322783470153809
1772213768.1547773,Button.left,239.0536253452301
1772213774.0849452,Button.left,5.93016791343689
1772213778.2227988,Button.left,4.137853622436523
1772213813.3090057,Button.left,35.086206912994385
1772213814.5935435,Button.left,1.2845377922058105
1772213817.1984868,Button.left,2.60494327545166
1772213818.9885216,Button.left,1.7900347709655762
1772213819.168441,Button.left,0.17991948127746582
1772213837.1403825,Button.left,17.971941471099854
1772213838.1100152,Button.left,0.969632625579834
1772213840.9198482,Button.left,2.80983304977417
1772213869.3811514,Button.left,28.461303234100342
1772213870.6745093,Button.left,1.2933578491210938
1772213871.1747158,Button.left,0.500206470489502
1772213875.2214212,Button.left,4.046705484390259
1772213876.549521,Button.left,1.3280997276306152
1772213876.7098978,Button.left,0.16037678718566895
1772213878.1570373,Button.left,1.4471395015716553
1772213879.0704353,Button.left,0.913398027420044
1772213891.6611505,Button.left,12.590715169906616
1772213892.598777,Button.left,0.9376266002655029
1772213905.9352612,Button.left,13.33648419380188
1772213906.7464864,Button.left,0.811225175857544
1772213908.422899,Button.left,1.676412582397461
1772213908.8445215,Button.left,0.42162251472473145
1772213932.7041664,Button.left,23.859644889831543
1772213934.3386385,Button.left,1.634472131729126
1772213935.2234163,Button.left,0.8847777843475342
1772213939.4168074,Button.left,4.1933910846710205
1772213957.5088518,Button.left,18.092044353485107
1772214082.6016495,Button.left,125.09279775619507
1772214085.8738816,Button.left,3.2722320556640625
1772214087.935626,Button.left,2.061744451522827
1772214101.3263307,Button.left,13.39070463180542
1772214102.8343294,Button.left,1.5079987049102783
1772214104.9019852,Button.left,2.0676558017730713
1772214106.1614802,Button.left,1.2594950199127197
1772214111.3922436,Button.left,5.2307634353637695
1772214113.184911,Button.left,1.7926673889160156
1772214118.5727048,Button.left,5.387793779373169
1772214126.1135516,Button.left,7.540846824645996
1772214134.5920868,Button.left,8.478535175323486
1772214135.899431,Button.right,1.3073441982269287
1772214140.08576,Button.left,4.186329126358032
1772214142.9198596,Button.left,2.834099531173706
1772214144.1231093,Button.left,1.2032496929168701
1772214183.823594,Button.left,39.70048475265503
1772214185.727184,Button.left,1.9035899639129639
1772214186.8336186,Button.left,1.1064345836639404
1772214187.6637015,Button.left,0.830082893371582
1772214191.1085942,Button.left,3.444892644882202
1772214206.7943363,Button.left,15.685742139816284
1772214236.1803021,Button.left,29.385965824127197
1772214237.2408175,Button.left,1.0605154037475586
1772214246.4675603,Button.left,9.2267427444458
1772214250.0430655,Button.left,3.575505256652832
1772214254.4841464,Button.left,4.441080808639526
1772214336.7444186,Button.left,82.26027226448059
1772214349.7742546,Button.left,13.029835939407349
1772214350.8804293,Button.left,1.1061747074127197
1772214351.2472968,Button.left,0.3668675422668457
1772214394.7478557,Button.left,43.500558853149414
1772214449.7211206,Button.left,54.973264932632446
1772214451.3454914,Button.left,1.624370813369751
1772214455.197522,Button.left,3.8520305156707764
1772214495.9066803,Button.left,40.709158420562744
1772214510.6106782,Button.left,14.70399785041809
1772214512.5276253,Button.left,1.9169471263885498
1772214520.71661,Button.left,8.188984632492065
1772214523.1694384,Button.left,2.4528284072875977
1772214550.8375456,Button.left,27.668107271194458
1772214580.3423896,Button.left,29.504843950271606
1772214587.7095826,Button.left,7.367192983627319
1772214591.885076,Button.left,4.175493478775024
1772214595.1712637,Button.left,3.2861876487731934
1772214599.1276498,Button.left,3.956386089324951
1772214603.0139623,Button.left,3.886312484741211
1772214605.3319602,Button.left,2.317997932434082
1772214606.3969133,Button.left,1.064953088760376
1772214609.9047542,Button.right,3.507840871810913
1772214611.4893055,Button.left,1.5845513343811035
1772214612.7581902,Button.left,1.2688846588134766
1772214617.7301307,Button.left,4.971940517425537
1772214619.1342409,Button.left,1.4041101932525635
1772214620.3913426,Button.left,1.2571017742156982
1772214620.6075664,Button.left,0.21622371673583984
1772214622.2251735,Button.left,1.6176071166992188
1772214627.5031364,Button.left,5.277962923049927
1772214628.581841,Button.left,1.078704595565796
1772214635.815522,Button.left,7.233680963516235
1772214637.9339228,Button.left,2.118400812149048
1772214638.9165816,Button.left,0.982658863067627
1772214650.8752694,Button.left,11.958687782287598
1772214697.779078,Button.left,46.90380859375
1772214699.5218394,Button.left,1.7427613735198975
1772214710.0683868,Button.left,10.546547412872314
1772214711.9705956,Button.left,1.9022088050842285
1772214718.0288675,Button.left,6.058271884918213
1772214728.160153,Button.left,10.131285429000854
1772214739.1291385,Button.left,10.968985557556152
1772214740.2233043,Button.left,1.0941658020019531
1772214742.851202,Button.left,2.6278977394104004
1772214745.271854,Button.left,2.420651912689209
1772214746.3379848,Button.left,1.0661308765411377
1772214751.6853356,Button.left,5.347350835800171
1772214830.3711042,Button.left,78.68576860427856
1772214831.5329037,Button.left,1.161799430847168
1772214834.202316,Button.left,2.66941237449646
1772214837.964946,Button.left,3.762629985809326
1772214843.651473,Button.left,5.6865270137786865
1772214845.719791,Button.left,2.0683178901672363
1772214849.6832685,Button.left,3.963477611541748
1772214852.4143803,Button.left,2.731111764907837
1772214858.4204202,Button.left,6.00603985786438
1772214867.3700159,Button.left,8.94959568977356
1772215012.8835495,Button.left,145.51353359222412
1772215013.4644318,Button.left,0.5808823108673096
1772215043.2884252,Button.left,29.82399344444275
1772215044.948483,Button.left,1.660057783126831
1772215050.5966985,Button.left,5.6482155323028564
1772215051.1566916,Button.left,0.5599930286407471
1772215053.1913092,Button.left,2.0346176624298096
1772215053.6195693,Button.left,0.42826008796691895
1772215055.1061473,Button.left,1.4865779876708984
1772215056.7455614,Button.left,1.6394140720367432
1772217084.1117156,Button.left,2027.3661541938782
1772217086.796114,Button.left,2.6843984127044678
1772217089.5500126,Button.left,2.7538986206054688
1772217091.4660907,Button.left,1.9160780906677246
1772217135.8702161,Button.left,44.404125452041626
1772217136.0494125,Button.left,0.17919635772705078
1772217138.1478953,Button.left,2.098482847213745
1772217139.9738038,Button.left,1.8259084224700928
1772217182.7444267,Button.left,42.770622968673706
1772217187.636722,Button.left,4.8922953605651855
1772217187.846488,Button.left,0.20976591110229492
1772217189.815722,Button.left,1.9692339897155762
1772217190.7170382,Button.left,0.9013161659240723
1772217202.5501423,Button.right,11.833104133605957
1772217206.607563,Button.left,4.05742073059082
1772217416.6813455,Button.left,210.07378244400024
1772217865.6769102,Button.left,448.995564699173
1772218465.4870462,Button.left,599.8101360797882
1772218576.263926,Button.left,110.77687978744507
1772218607.6236498,Button.left,31.359723806381226
1772218608.7694628,Button.left,1.14581298828125
1772218617.2291172,Button.left,8.459654331207275
1772218618.0999072,Button.left,0.8707900047302246
1772218621.4638565,Button.left,3.3639492988586426
1772218623.4082572,Button.left,1.9444007873535156
1772218627.5573635,Button.left,4.14910626411438
1772218632.207498,Button.left,4.650134563446045
1772223627.9506407,Button.left,4995.743142604828
1772223630.2680836,Button.left,2.3174428939819336
1772223633.867836,Button.left,3.599752426147461
1772223640.4916902,Button.left,6.623854160308838
1772223641.205598,Button.left,0.7139079570770264
1772223647.4003756,Button.left,6.194777488708496
1772223663.9419112,Button.left,16.54153561592102
1772223677.7301054,Button.left,13.788194179534912
1772223683.0167341,Button.left,5.286628723144531
1772223688.8169637,Button.left,5.800229549407959
1772223691.3488722,Button.left,2.5319085121154785
1772223730.3988342,Button.left,39.04996204376221
1772223731.127351,Button.left,0.7285168170928955
1772223732.0597434,Button.left,0.9323923587799072
1772223775.6490922,Button.left,43.589348793029785
1772223797.4991906,Button.left,21.850098371505737
1772223798.122315,Button.left,0.623124361038208
1772223830.9068763,Button.left,32.78456139564514
1772223834.124287,Button.left,3.2174105644226074
1772223886.939302,Button.left,52.81501507759094
1772223890.3303237,Button.left,3.391021728515625
1772223893.563194,Button.left,3.23287034034729
1772223898.183742,Button.left,4.6205480098724365
1772223901.2361038,Button.left,3.0523617267608643
1772223902.4326406,Button.left,1.1965367794036865
1772223904.6111133,Button.left,2.1784727573394775
1772223985.7055614,Button.left,81.09444808959961
1772223986.4458508,Button.left,0.7402894496917725
1772223987.6910233,Button.left,1.2451725006103516
1772223992.5968714,Button.left,4.905848026275635
1772223993.5861008,Button.left,0.9892294406890869
1772223994.519051,Button.left,0.9329502582550049
1772223996.0828736,Button.left,1.5638225078582764
1772224084.5505595,Button.left,88.46768593788147
1772224086.280877,Button.left,1.7303175926208496
1772224172.57711,Button.left,86.29623293876648
1772224173.165162,Button.left,0.5880520343780518
1772224174.1884713,Button.left,1.0233092308044434
1772224182.1842666,Button.left,7.995795249938965
1772224366.066684,Button.left,183.88241744041443
1772224372.4989352,Button.left,6.432251214981079
1772224407.5506024,Button.left,35.05166721343994
1772224411.3678784,Button.left,3.8172760009765625
1772224413.0281997,Button.left,1.6603212356567383
1772224414.4935894,Button.left,1.4653897285461426
1772224417.7261646,Button.left,3.2325751781463623
1772224428.472682,Button.left,10.746517419815063
1772224436.0541737,Button.left,7.581491708755493
1772224437.697953,Button.left,1.6437792778015137
1772224440.7886972,Button.left,3.0907442569732666
1772224443.963422,Button.left,3.174724817276001
1772224448.4064064,Button.left,4.442984342575073
1772224451.2214496,Button.left,2.8150432109832764
1772224454.051042,Button.left,2.82959246635437
1772225250.2335494,Button.left,796.182507276535
1772225251.6743193,Button.left,1.440769910812378
1772225259.2537537,Button.left,7.579434394836426
1772225264.5295596,Button.left,5.275805950164795
1772225267.2684252,Button.left,2.738865613937378
1772225273.8727245,Button.left,6.604299306869507
1772225285.9069357,Button.left,12.034211158752441
1772225291.8394158,Button.left,5.932480096817017
1772225294.7053845,Button.left,2.865968704223633
1772225297.2099168,Button.left,2.5045323371887207
1772225304.2963417,Button.left,7.086424827575684
1772225309.8024733,Button.left,5.506131649017334
1772225311.147931,Button.left,1.3454577922821045
1772225313.8700132,Button.left,2.7220821380615234
1772225318.2626884,Button.left,4.392675161361694
1772225321.3610525,Button.left,3.0983641147613525
1772225324.9463735,Button.left,3.5853209495544434
1772225326.1422238,Button.left,1.1958503723144531
1772225326.6203706,Button.left,0.4781467914581299
1772225332.8662393,Button.left,6.245868682861328
1772225338.0812151,Button.left,5.214975833892822
1772225340.0591147,Button.left,1.9778995513916016
1772225345.6597016,Button.left,5.600586891174316
1772225347.209771,Button.left,1.5500693321228027
1772225349.452668,Button.left,2.2428970336914062
1772225350.9629505,Button.left,1.5102825164794922
1772225352.2766967,Button.left,1.3137462139129639
1772225352.812922,Button.left,0.5362253189086914
1772225355.1922207,Button.left,2.379298686981201
1772225356.0380747,Button.left,0.8458540439605713
1772225358.7752504,Button.left,2.737175703048706
1772225360.3256419,Button.left,1.550391435623169
1772225361.3154955,Button.left,0.9898536205291748
1772225362.9631228,Button.left,1.647627353668213
1772225363.1773257,Button.left,0.214202880859375
1772225373.5390382,Button.left,10.361712455749512
1772225374.0445764,Button.left,0.5055382251739502
1772225375.386165,Button.left,1.3415884971618652
1772225384.7722454,Button.left,9.386080503463745
1772225388.030243,Button.left,3.257997512817383
1772225394.3312633,Button.left,6.301020383834839
1772225395.5490086,Button.left,1.217745304107666
1772225398.7791483,Button.left,3.23013973236084
1772225399.9701614,Button.left,1.1910130977630615
1772225401.325456,Button.left,1.3552944660186768
1772225401.5635288,Button.left,0.23807287216186523
1772225463.6968524,Button.left,62.133323669433594
1772225469.065766,Button.left,5.368913650512695
1772225470.0755632,Button.left,1.0097970962524414
1772225471.5840535,Button.left,1.5084903240203857
1772225471.7567947,Button.left,0.17274117469787598
1772225474.247651,Button.left,2.490856409072876
1772225812.3010814,Button.left,338.0534303188324
1772225814.6135771,Button.left,2.312495708465576
1772226035.6340709,Button.left,221.02049374580383
1772226036.533744,Button.left,0.8996732234954834
1772226057.1631453,Button.left,20.629401206970215
1772226060.8174312,Button.left,3.6542859077453613
1772226069.6639552,Button.left,8.846524000167847
1772226076.699016,Button.left,7.035060882568359
1772226081.4711428,Button.left,4.7721266746521
1772226082.287925,Button.left,0.8167822360992432
1772226084.0885534,Button.left,1.800628423690796
1772226084.76295,Button.left,0.6743965148925781
1772226085.6748044,Button.left,0.9118545055389404
1772226112.514974,Button.left,26.840169668197632
1772226115.7801464,Button.left,3.265172243118286
1772226121.841068,Button.left,6.060921669006348
1772226124.0954254,Button.left,2.25435733795166
1772226126.3309152,Button.left,2.235489845275879
1772226166.8927114,Button.left,40.56179618835449
1772226212.468488,Button.left,45.57577657699585
1772226214.108943,Button.left,1.6404550075531006
1772226215.9503388,Button.left,1.8413958549499512
1772226219.393724,Button.left,3.443385124206543
1772226502.8031852,Button.left,283.4094612598419
1772226601.6681352,Button.left,98.86494994163513
1772226645.942984,Button.left,44.27484893798828
1772226667.6466208,Button.left,21.703636646270752
1772226775.1414998,Button.left,107.49487900733948
1772226776.076752,Button.left,0.9352521896362305
1772226886.756115,Button.left,110.67936301231384
1772226887.8090444,Button.left,1.052929401397705
1772226888.8729467,Button.left,1.0639023780822754
1772226905.5962327,Button.left,16.723285913467407
1772226906.4208531,Button.left,0.8246204853057861
1772226992.8140867,Button.left,86.39323353767395
1772226995.6696968,Button.left,2.8556101322174072
1772227006.4226384,Button.left,10.752941608428955
1772227016.966329,Button.left,10.54369068145752
1772227041.549419,Button.left,24.58308982849121
1772227046.7914102,Button.left,5.241991281509399
1772227049.6915672,Button.left,2.9001569747924805
1772227060.5516872,Button.left,10.860120058059692
1772227063.1314514,Button.left,2.5797641277313232
1772227063.8423965,Button.left,0.7109451293945312
1772227066.6786497,Button.left,2.8362531661987305
1772227067.0787482,Button.left,0.4000985622406006
1772227166.15061,Button.left,99.071861743927
1772227168.3026676,Button.left,2.152057647705078
1772227169.8332636,Button.left,1.5305960178375244
1772227172.4896002,Button.left,2.656336545944214
1772227236.561856,Button.left,64.07225584983826
1772227240.6220798,Button.left,4.060223817825317
1772227242.8140066,Button.left,2.1919267177581787
1772227244.897079,Button.left,2.0830724239349365
1772227246.0599341,Button.left,1.1628551483154297
1772227262.2948058,Button.left,16.23487162590027
1772227268.4299526,Button.left,6.135146856307983
1772227270.0354621,Button.left,1.6055095195770264
1772227275.6031833,Button.left,5.567721128463745
1772227277.3457828,Button.left,1.7425994873046875
1772227278.0450637,Button.left,0.6992809772491455
1772227389.6554387,Button.left,111.61037492752075
1772227391.4135363,Button.left,1.7580976486206055
1772227565.7590687,Button.left,174.34553241729736
1772227569.83465,Button.left,4.075581312179565
1772227629.0853515,Button.left,59.25070142745972
1772227630.6790159,Button.left,1.5936644077301025
1772227632.0083067,Button.left,1.3292908668518066
1772227634.1376014,Button.left,2.1292946338653564
1772227635.196409,Button.left,1.058807611465454
1772227635.6461558,Button.left,0.44974684715270996
1772227638.6069567,Button.left,2.960800886154175
1772227651.7472937,Button.left,13.140336990356445
1772227671.2345974,Button.left,19.487303733825684
1772227674.0878136,Button.left,2.8532161712646484
1772227680.9079714,Button.left,6.820157766342163
1772227681.486496,Button.left,0.5785245895385742
1772227682.5454621,Button.left,1.0589661598205566
1772227683.4730196,Button.left,0.9275574684143066
1772227688.0606623,Button.left,4.587642669677734
1772227690.7326474,Button.left,2.671985149383545
1772227692.4831378,Button.left,1.750490427017212
1772227719.2106202,Button.left,26.727482318878174
1772227921.616923,Button.left,202.40630292892456
1772227923.7959905,Button.left,2.179067373275757
1772227924.5939014,Button.left,0.7979109287261963
1772227927.8978484,Button.left,3.3039469718933105
1772227949.5647652,Button.left,21.666916847229004
1772227949.9377534,Button.left,0.372988224029541
1772227953.833343,Button.left,3.895589590072632
1772227964.3779685,Button.left,10.544625520706177
1772227966.7106946,Button.left,2.332726001739502
1772227967.2505622,Button.left,0.539867639541626
1772227968.468448,Button.left,1.2178857326507568
1772227970.6593685,Button.left,2.19092059135437
1772227973.1350152,Button.left,2.475646734237671
1772227974.5744257,Button.left,1.4394104480743408
1772227975.4550216,Button.left,0.8805959224700928
1772227977.1290972,Button.left,1.6740756034851074
1772227977.8016436,Button.left,0.67254638671875
1772227992.5005267,Button.left,14.698883056640625
1772228008.782472,Button.left,16.28194522857666
1772228019.8066902,Button.left,11.024218320846558
1772228041.5532875,Button.left,21.746597290039062
1772228046.4924173,Button.left,4.939129829406738
1772228052.035651,Button.left,5.543233633041382
1772228109.029029,Button.right,56.993377923965454
1772228110.5290346,Button.left,1.5000057220458984
1772228120.0065234,Button.left,9.47748875617981
1772228120.9616709,Button.left,0.9551475048065186
1772228124.6660113,Button.right,3.7043404579162598
1772228125.8720481,Button.left,1.2060368061065674
1772228127.9193716,Button.left,2.04732346534729
1772228144.1935422,Button.right,16.274170637130737
1772228144.933649,Button.left,0.7401068210601807
1772228150.702406,Button.left,5.768756866455078
1772228151.2967093,Button.left,0.5943033695220947
1772228152.7167983,Button.right,1.4200890064239502
1772228153.6921475,Button.left,0.9753491878509521
1772228160.2316604,Button.left,6.539512872695923
1772228161.1099863,Button.left,0.8783259391784668
1772228167.4496071,Button.left,6.33962082862854
1772228188.775017,Button.left,21.32540988922119
1772228197.0491798,Button.left,8.274162769317627
1772228205.1184385,Button.left,8.069258689880371
1772228207.2016146,Button.left,2.0831761360168457
1772228210.0238512,Button.left,2.8222365379333496
1772228216.209404,Button.left,6.1855528354644775
1772228224.4415858,Button.left,8.232181787490845
1772228233.3208556,Button.left,8.87926983833313
1772228235.5279155,Button.left,2.207059860229492
1772228237.148483,Button.left,1.6205675601959229
1772228242.0604775,Button.left,4.911994457244873
1772228244.5850196,Button.left,2.5245420932769775
1772228265.6487992,Button.left,21.063779592514038
1772228267.8045552,Button.left,2.1557559967041016
1772228270.0762868,Button.left,2.2717316150665283
1772228271.009964,Button.left,0.9336771965026855
1772228275.6207001,Button.left,4.610736131668091
1772228276.7159755,Button.left,1.0952754020690918
1772228277.593411,Button.left,0.8774354457855225
1772228280.354915,Button.left,2.7615039348602295
1772228283.2343009,Button.left,2.8793859481811523
1772228289.7421947,Button.left,6.507893800735474
1772228292.0357666,Button.left,2.293571949005127
1772228311.444732,Button.left,19.408965349197388
1772228316.6209354,Button.left,5.176203489303589
1772228319.718761,Button.left,3.097825527191162
1772228320.6870236,Button.left,0.9682626724243164
1772228324.240598,Button.left,3.553574323654175
1772228325.2584844,Button.left,1.0178864002227783
1772228327.6952899,Button.left,2.436805486679077
1772228329.8256204,Button.left,2.1303305625915527
1772228331.6113195,Button.left,1.7856991291046143
1772228340.0711255,Button.left,8.459805965423584
1772228356.3812726,Button.left,16.310147047042847
1772228421.096784,Button.left,64.71551156044006
1772228423.3784115,Button.left,2.2816274166107178
1772228457.2510648,Button.left,33.8726532459259
1772228508.153579,Button.left,50.90251421928406
1772228508.9053571,Button.left,0.7517781257629395
1772228509.306585,Button.left,0.4012279510498047
1772228515.6038268,Button.left,6.297241687774658
1772228515.9041867,Button.left,0.30035996437072754
1772228516.2359042,Button.left,0.33171749114990234
1772228543.7974505,Button.left,27.561546325683594
1772228544.6694388,Button.left,0.8719882965087891
1772228548.769787,Button.left,4.100348234176636
1772228549.0912313,Button.left,0.3214442729949951
1772228552.8408525,Button.left,3.7496211528778076
1772228558.084725,Button.left,5.243872404098511
1772228564.5948162,Button.left,6.510091304779053
1772228569.6349614,Button.left,5.0401451587677
1772228574.2414186,Button.left,4.606457233428955
1772228577.057823,Button.left,2.816404342651367
1772228582.0037746,Button.left,4.945951700210571
1772228583.3921318,Button.left,1.388357162475586
1772228587.0542824,Button.left,3.6621506214141846
1772228588.9159102,Button.left,1.8616278171539307
1772228595.8748217,Button.left,6.958911418914795
1772228597.1612988,Button.left,1.2864770889282227
1772228599.1327114,Button.left,1.9714126586914062
1772228600.519926,Button.left,1.3872146606445312
1772228623.2917333,Button.left,22.771807193756104
1772228689.191322,Button.left,65.89958882331848
1772228697.6439579,Button.left,8.452635765075684
1772228698.0742433,Button.left,0.4302854537963867
1772228702.3675096,Button.left,4.293266296386719
1772228708.343619,Button.left,5.976109504699707
1772228711.1814942,Button.left,2.8378751277923584
1772228728.7011986,Button.left,17.519704341888428
1772228730.7214978,Button.left,2.020299196243286
1772228731.0740256,Button.left,0.3525278568267822
1772228732.8949876,Button.left,1.8209619522094727
1772228736.5759134,Button.left,3.6809258460998535
1772228744.0347183,Button.left,7.4588048458099365
1772228748.8668222,Button.left,4.832103967666626
1772228766.1393406,Button.left,17.272518396377563
1772228951.0632198,Button.left,184.92387914657593
1772229118.2176876,Button.left,167.15446782112122
1772229133.1480267,Button.left,14.930339097976685
1772229431.0403802,Button.left,297.8923535346985
1772229540.982042,Button.left,109.9416618347168
1772229545.7582324,Button.left,4.776190280914307
1772229630.93275,Button.left,85.17451763153076
1772229638.3615994,Button.left,7.428849458694458
1772229640.506248,Button.left,2.144648551940918
1772229643.4285698,Button.left,2.9223217964172363
1772230157.5434384,Button.left,514.1148686408997
1772230415.1115484,Button.left,257.56810998916626
1772230415.8751078,Button.left,0.7635593414306641
1772230416.5872905,Button.left,0.7121827602386475
1772231061.2736993,Button.left,644.6864087581635
1772231062.9295168,Button.left,1.6558175086975098
1772231071.3940785,Button.left,8.464561700820923
1772231078.3240373,Button.left,6.929958820343018
1772231082.5932503,Button.left,4.269212961196899
1772231087.9829254,Button.left,5.389675140380859
1772231093.6070073,Button.left,5.62408185005188
1772231096.6394985,Button.left,3.0324912071228027
1772231098.8054419,Button.left,2.1659433841705322
1772231107.6470428,Button.left,8.841600894927979
1772231107.874572,Button.left,0.22752928733825684
1772231111.202837,Button.left,3.3282649517059326
1772231112.4136825,Button.left,1.2108454704284668
1772231113.0017154,Button.left,0.5880329608917236
1772231114.1364217,Button.left,1.1347062587738037
1772231114.579111,Button.left,0.4426894187927246
1772231114.9599533,Button.left,0.3808422088623047
1772231184.3835192,Button.left,69.42356586456299
1772231204.1710024,Button.left,19.78748321533203
1772231210.0309932,Button.left,5.859990835189819
1772231212.6267102,Button.left,2.595716953277588
1772231214.1211398,Button.left,1.494429588317871
1772231215.310784,Button.left,1.1896443367004395
1772231216.5771322,Button.left,1.266348123550415
1772231223.3659403,Button.left,6.788808107376099
1772231226.5900948,Button.left,3.224154472351074
1772231228.3485382,Button.left,1.7584433555603027
1772231271.7036123,Button.left,43.35507416725159
1772231273.4219065,Button.left,1.7182941436767578
1772231275.878397,Button.left,2.4564905166625977
1772231277.3798044,Button.left,1.5014073848724365
1772231279.041398,Button.left,1.6615936756134033
1772231280.7575037,Button.left,1.7161056995391846
1772231284.0099356,Button.left,3.252431869506836
1772231284.9016836,Button.left,0.8917479515075684
1772231286.8933523,Button.left,1.991668701171875
1772231293.1212573,Button.left,6.227905035018921
1772231296.4761503,Button.left,3.3548929691314697
1772231304.3802059,Button.left,7.904055595397949
1772231306.4569137,Button.left,2.0767078399658203
1772231308.8223634,Button.left,2.3654496669769287
1772231311.0370665,Button.left,2.21470308303833
1772231314.5729206,Button.left,3.5358541011810303
1772231314.752611,Button.left,0.17969036102294922
1772231315.3136728,Button.left,0.5610618591308594
1772231317.0930536,Button.left,1.7793807983398438
1772231317.3193834,Button.left,0.22632980346679688
1772231318.884699,Button.left,1.5653157234191895
1772231319.9432054,Button.left,1.0585062503814697
1772231320.8837163,Button.left,0.9405109882354736
1772231326.3637621,Button.left,5.480045795440674
1772231329.3596213,Button.left,2.995859146118164
1772231334.122719,Button.left,4.763097763061523
1772231336.9170606,Button.left,2.794341564178467
1772231339.186617,Button.left,2.2695562839508057
1772231343.9971588,Button.left,4.810541868209839
1772231345.8543613,Button.left,1.8572025299072266
1772231347.8464892,Button.left,1.9921278953552246
1772231522.4579666,Button.left,174.61147737503052
1772231600.0363724,Button.left,77.57840585708618
1772231633.426876,Button.left,33.39050364494324
1772231634.6384227,Button.left,1.2115466594696045
1772231646.655216,Button.left,12.016793251037598
1772231668.40896,Button.left,21.75374412536621
1772231701.0628216,Button.left,32.65386152267456
1772231712.4152002,Button.left,11.352378606796265
1772231719.2909615,Button.left,6.875761270523071
1772231721.5869927,Button.left,2.2960312366485596
1772231723.8633556,Button.left,2.276362895965576
1772231734.1555638,Button.left,10.292208194732666
1772231741.667698,Button.left,7.512134075164795
1772231751.1039765,Button.left,9.436278581619263
1772231758.255611,Button.left,7.151634454727173
1772231766.5951316,Button.left,8.339520692825317
1772231850.8676949,Button.left,84.27256321907043
1772231868.3281126,Button.left,17.46041774749756
1772231869.345279,Button.left,1.0171663761138916
1772231869.7324586,Button.left,0.3871796131134033
1772231872.369924,Button.left,2.637465476989746
1772232289.8559854,Button.left,417.48606133461
1772232301.3255658,Button.left,11.46958041191101
1772232327.5519793,Button.left,26.22641348838806
1772232336.3639898,Button.left,8.812010526657104
1772232353.2705202,Button.left,16.906530380249023
1772232367.1205084,Button.left,13.849988222122192
1772232370.8983145,Button.left,3.777806043624878
1772232391.7592833,Button.left,20.860968828201294
1772232392.865562,Button.left,1.106278657913208
1772232403.6873112,Button.left,10.821749210357666
1772232415.2507246,Button.left,11.563413381576538
1772232416.04769,Button.left,0.7969653606414795
1772232418.1909637,Button.left,2.1432738304138184
1772232419.3677926,Button.left,1.1768288612365723
1772232436.8753211,Button.left,17.50752854347229
1772232444.0911448,Button.left,7.215823650360107
1772232624.682275,Button.left,180.59113025665283
1772232632.0508673,Button.left,7.368592262268066
1772232710.1110308,Button.left,78.0601634979248
1772232955.745522,Button.left,245.63449120521545
1772232957.2695053,Button.left,1.5239832401275635
1772232970.8831432,Button.left,13.613637924194336
1772233072.1114311,Button.left,101.22828793525696
1772233076.0168912,Button.left,3.9054601192474365
1772233105.1016095,Button.left,29.084718227386475
1772233105.62523,Button.left,0.52362060546875
1772233183.7719212,Button.left,78.14669108390808
1772233429.3369753,Button.left,245.56505417823792
1772233564.5947714,Button.left,135.25779604911804
1772233575.4348257,Button.left,10.840054273605347
1772233580.380367,Button.left,4.9455413818359375
1772233683.4299304,Button.left,103.04956340789795
1772233685.638535,Button.left,2.208604574203491
1772233688.1991873,Button.left,2.560652256011963
1772233699.9595702,Button.left,11.760382890701294
1772233702.8312547,Button.left,2.8716845512390137
1772233715.7181349,Button.left,12.886880159378052
1772233718.0020814,Button.left,2.2839465141296387
1772233733.483828,Button.left,15.481746673583984
1772233737.8165052,Button.left,4.332677125930786
1772233744.8784544,Button.left,7.061949253082275
1772233745.660139,Button.left,0.7816846370697021
1772233747.0932364,Button.left,1.4330973625183105
1772233767.3003612,Button.left,20.207124710083008
1772233771.0552003,Button.left,3.7548391819000244
1772233771.7754936,Button.left,0.7202932834625244
1772233772.7583008,Button.left,0.9828071594238281
1772233795.1896548,Button.left,22.43135404586792
1772233795.664612,Button.left,0.4749572277069092
1772233796.8297098,Button.left,1.165097713470459
1772233797.751306,Button.left,0.9215962886810303
1772233798.701971,Button.left,0.9506649971008301
1772233800.8442957,Button.left,2.142324686050415
1772233802.5082858,Button.left,1.6639900207519531
1772233803.9770687,Button.left,1.468782901763916
1772233804.681333,Button.left,0.7042644023895264
1772233806.7458491,Button.left,2.064516067504883
1772233830.8225815,Button.left,24.076732397079468
1772233832.1503186,Button.left,1.3277370929718018
1772233838.3001456,Button.left,6.149827003479004
1772233840.0026486,Button.left,1.702502965927124
1772233840.6252,Button.left,0.622551441192627
1772233842.3541973,Button.left,1.7289972305297852
1772233851.3684213,Button.left,9.0142240524292
1772233853.383254,Button.left,2.0148327350616455
1772233858.4496942,Button.left,5.066440105438232
1772233860.2984972,Button.left,1.8488030433654785
1772233865.7925,Button.right,5.494002819061279
1772233866.7684188,Button.left,0.9759187698364258
1772233867.0941377,Button.left,0.32571887969970703
1772233867.6564322,Button.right,0.5622944831848145
1772233868.6378286,Button.right,0.9813964366912842
1772233869.6397605,Button.left,1.00193190574646
1772233873.7642353,Button.right,4.124474763870239
1772233874.3842158,Button.left,0.6199805736541748
1772233876.0822592,Button.right,1.6980433464050293
1772233876.7853034,Button.left,0.7030441761016846
1772233878.6383884,Button.right,1.8530850410461426
1772233879.6001396,Button.left,0.9617512226104736
1772233882.0465431,Button.left,2.4464035034179688
1772233883.6416628,Button.left,1.5951197147369385
1772233884.4164195,Button.left,0.774756669998169
1772233885.7379684,Button.left,1.3215489387512207
1772233889.1948056,Button.left,3.4568371772766113
1772233889.8704717,Button.left,0.675666093826294
1772233890.6403766,Button.left,0.7699048519134521
1772233892.4750729,Button.left,1.8346962928771973
1772233893.1545079,Button.left,0.6794350147247314
1772233896.3866892,Button.left,3.2321813106536865
1772254350.2864532,Button.left,0
1772254356.8013883,Button.left,6.51493501663208
1772254394.1190934,Button.left,37.317705154418945
1772254395.8938808,Button.left,1.774787425994873
1772254462.0482507,Button.left,66.1543698310852
1772256650.4796503,Button.left,2188.4313995838165
1772256652.104072,Button.left,1.6244218349456787
1772256653.5848439,Button.left,1.480771780014038
1772256653.789526,Button.left,0.2046821117401123
1772259620.288369,Button.left,2966.4988429546356
1772259621.724006,Button.left,1.4356369972229004
1772260321.621408,Button.left,699.897402048111
1772260322.2867913,Button.left,0.6653833389282227
1772260331.3336034,Button.left,9.046812057495117
1772260332.440467,Button.left,1.1068634986877441
1772260334.29473,Button.left,1.8542630672454834
1772260338.908656,Button.left,4.613925933837891
1772260339.1227863,Button.left,0.21413040161132812
1772260339.659103,Button.left,0.5363166332244873
1772260340.4559739,Button.left,0.7968709468841553
1772260342.1500387,Button.left,1.6940648555755615
1772260380.875005,Button.left,38.724966287612915
1772260385.4566655,Button.left,4.581660509109497
1772260386.889804,Button.left,1.433138370513916
1772260390.3344963,Button.left,3.444692373275757
1772260398.6311793,Button.left,8.296683073043823
1772260407.5734074,Button.left,8.942228078842163
1772260574.0051348,Button.left,166.4317274093628
1772260575.2558515,Button.left,1.2507166862487793
1772260584.2659805,Button.left,9.01012897491455
1772260596.8757212,Button.left,12.609740734100342
1772260605.151595,Button.left,8.275873899459839
1772260608.626061,Button.left,3.474465847015381
1772260609.553235,Button.left,0.9271740913391113
1772260611.4077053,Button.left,1.8544702529907227
1772260612.1458118,Button.left,0.7381064891815186
1772260612.7376866,Button.left,0.5918748378753662
1772260613.4901855,Button.left,0.7524988651275635
1772260614.2601047,Button.left,0.7699191570281982
1772260621.2074516,Button.left,6.947346925735474
1772260622.155673,Button.left,0.9482214450836182
1772260623.6307538,Button.left,1.4750807285308838
1772260624.5459213,Button.left,0.9151675701141357
1772260625.417633,Button.left,0.8717117309570312
1772260637.4251795,Button.left,12.007546424865723
1772260641.4852211,Button.left,4.060041666030884
1772260643.2736776,Button.left,1.7884564399719238
1772260644.4309533,Button.left,1.157275676727295
1772260651.5745177,Button.left,7.143564462661743
1772260652.4251785,Button.left,0.8506608009338379
1772260654.6414385,Button.left,2.2162599563598633
1772260821.4117737,Button.left,166.77033519744873
1772260835.5984154,Button.left,14.186641693115234
1772260842.1528533,Button.left,6.554437875747681
1772260895.622345,Button.left,53.469491720199585
1772260912.7941592,Button.left,17.17181420326233
1772260916.6516325,Button.left,3.857473373413086
1772260924.0745785,Button.left,7.422945976257324
1772260926.8804364,Button.left,2.8058578968048096
1772260968.898286,Button.left,42.0178496837616
1772260969.621683,Button.left,0.7233967781066895
1772261006.7457788,Button.left,37.12409591674805
1772261008.472377,Button.left,1.7265982627868652
1772261009.9506392,Button.left,1.478262186050415
1772261010.6933627,Button.left,0.7427234649658203
1772261012.4042935,Button.left,1.7109308242797852
1772261013.2157533,Button.left,0.8114597797393799
1772261016.668534,Button.left,3.4527807235717773
1772261037.373043,Button.left,20.704509019851685
1772261158.8030813,Button.left,121.43003821372986
1772261159.654102,Button.left,0.8510208129882812
1772261181.5015512,Button.left,21.84744906425476
1772261184.872603,Button.left,3.371051788330078
1772261190.9258742,Button.left,6.053271293640137
1772261210.672354,Button.left,19.746479749679565
1772261211.4496565,Button.left,0.7773025035858154
1772261213.7516673,Button.left,2.3020107746124268
1772261214.3918705,Button.left,0.6402032375335693
1772261215.6613965,Button.left,1.2695260047912598
1772261216.8794851,Button.left,1.2180886268615723
1772261218.0952904,Button.left,1.2158052921295166
1772261219.6001241,Button.left,1.504833698272705
1772261229.7807326,Button.left,10.18060851097107
1772261231.0065815,Button.left,1.225848913192749
1772261231.4141998,Button.left,0.40761828422546387
1772261232.5265458,Button.left,1.1123459339141846
1772261235.1188235,Button.left,2.592277765274048
1772261237.376405,Button.left,2.2575814723968506
1772261239.9847846,Button.left,2.608379602432251
